timestamp,day_since_first,fish_id,estimated_length_cm,estimated_weight_g,growth_rate_cm_day,growth_stage,size_index,recommended_feed_g,life_status,data_source,note,phase,observed_error_cm,observed_lower_cm,observed_upper_cm,vbgf_predicted_length_cm,vbgf_prediction_error_cm,vbgf_prediction_lower_cm,vbgf_prediction_upper_cm,comet_reference_length_cm,comet_reference_lower_cm,comet_reference_upper_cm,vbgf_linf_cm,vbgf_k_per_year,vbgf_t0_year,comet_reference_linf_cm,comet_reference_k_per_year,comet_reference_t0_year,activity_level_px_s,abr_score,dominant_zone
2026-06-01 00:00:00,0,1,2.958,,,FRY,0.2958,0.0316,ALIVE,measured,,history,0.3,2.668,3.25,,,,,3.0,2.55,3.45,24.25,0.858371,-0.151576,28.0,0.446287,-0.253937,,,
2026-06-01 00:00:00,0,2,3.141,,,JUVENILE,0.3141,0.0114,ALIVE,measured,,history,0.3,2.832,3.451,,,,,3.0,2.55,3.45,25.75,0.858371,-0.151576,28.0,0.446287,-0.253937,,,
2026-06-01 00:00:00,0,3,1.9,0.297,0.0,FRY,0.29,0.0297,ALIVE,synthetic_reconstruction,,history,0.1,1.8,2.0,,,,,3.0,2.55,3.45,,,,28.0,0.446287,-0.253937,14.8,0.03,MID
2026-06-02 00:00:00,1,3,1.93,0.3067,0.03,FRY,0.293,0.0307,ALIVE,synthetic_reconstruction,,history,0.1,1.83,2.03,,,,,,,,,,,,,,15.1,0.03,MID
2026-06-03 00:00:00,2,3,1.96,0.3167,0.03,FRY,0.296,0.0317,ALIVE,synthetic_reconstruction,,history,0.1,1.86,2.06,,,,,,,,,,,,,,15.4,0.04,MID
2026-06-04 00:00:00,3,3,1.99,0.3269,0.03,FRY,0.299,0.0327,ALIVE,synthetic_reconstruction,,history,0.1,1.89,2.09,,,,,,,,,,,,,,15.2,0.03,MID
2026-06-05 00:00:00,4,3,2.02,0.3373,0.03,JUVENILE,0.302,0.0101,ALIVE,synthetic_reconstruction,,history,0.1,1.92,2.12,,,,,,,,,,,,,,15.8,0.04,MID
2026-06-06 00:00:00,5,3,2.05,0.3479,0.03,JUVENILE,0.305,0.0104,ALIVE,synthetic_reconstruction,,history,0.1,1.95,2.15,,,,,,,,,,,,,,16.0,0.03,MID
2026-06-07 00:00:00,6,3,2.08,0.3588,0.03,JUVENILE,0.308,0.0108,ALIVE,synthetic_reconstruction,,history,0.1,1.98,2.18,,,,,,,,,,,,,,16.2,0.04,MID
2026-06-08 00:00:00,7,1,3.23,,,JUVENILE,0.323,0.0125,ALIVE,measured,,history,0.4,2.842,3.618,,,,,3.21,2.73,3.69,24.25,0.858371,-0.151576,28.0,0.446287,-0.253937,,,
2026-06-08 00:00:00,7,2,3.43,,,JUVENILE,0.343,0.0151,ALIVE,measured,,history,0.4,3.018,3.842,,,,,3.21,2.73,3.69,25.75,0.858371,-0.151576,28.0,0.446287,-0.253937,,,
2026-06-08 00:00:00,7,3,2.11,0.3699,0.03,JUVENILE,0.311,0.0111,ALIVE,synthetic_reconstruction,,history,0.1,2.01,2.21,,,,,3.21,2.73,3.69,,,,28.0,0.446287,-0.253937,16.4,0.04,MID
2026-06-09 00:00:00,8,3,2.14,0.3812,0.03,JUVENILE,0.314,0.0114,ALIVE,synthetic_reconstruction,,history,0.1,2.04,2.24,,,,,,,,,,,,,,16.1,0.05,MID
2026-06-10 00:00:00,9,3,2.17,0.3927,0.03,JUVENILE,0.317,0.0118,ALIVE,synthetic_reconstruction,,history,0.1,2.07,2.27,,,,,,,,,,,,,,15.9,0.04,MID
2026-06-11 00:00:00,10,3,2.19,0.4006,0.02,JUVENILE,0.319,0.012,ALIVE,synthetic_reconstruction,,history,0.1,2.09,2.29,,,,,,,,,,,,,,15.6,0.05,MID
2026-06-12 00:00:00,11,3,2.21,0.4085,0.02,JUVENILE,0.321,0.0123,ALIVE,synthetic_reconstruction,,history,0.1,2.11,2.31,,,,,,,,,,,,,,15.1,0.05,MID
2026-06-13 00:00:00,12,3,2.23,0.4166,0.02,JUVENILE,0.323,0.0125,ALIVE,synthetic_reconstruction,,history,0.1,2.13,2.33,,,,,,,,,,,,,,14.6,0.06,MID
2026-06-14 00:00:00,13,3,2.24,0.4206,0.01,JUVENILE,0.324,0.0126,ALIVE,synthetic_reconstruction,,history,0.1,2.14,2.34,,,,,,,,,,,,,,13.8,0.08,MID
2026-06-15 00:00:00,14,1,3.54,,,JUVENILE,0.354,0.0167,ALIVE,measured,,history,0.4,3.152,3.928,,,,,3.42,2.91,3.94,24.25,0.858371,-0.151576,28.0,0.446287,-0.253937,,,
2026-06-15 00:00:00,14,2,3.76,,,JUVENILE,0.376,0.0201,ALIVE,measured,,history,0.4,3.348,4.172,,,,,3.42,2.91,3.94,25.75,0.858371,-0.151576,28.0,0.446287,-0.253937,,,
2026-06-15 00:00:00,14,3,2.24,0.4206,0.0,JUVENILE,0.324,0.0126,ALIVE,synthetic_reconstruction,,history,0.1,2.14,2.34,,,,,3.42,2.91,3.94,,,,28.0,0.446287,-0.253937,12.4,0.11,BOT
2026-06-16 00:00:00,15,3,2.24,0.4206,0.0,JUVENILE,0.324,0.0126,ALIVE,synthetic_reconstruction,,history,0.1,2.14,2.34,,,,,,,,,,,,,,10.7,0.15,BOT
2026-06-17 00:00:00,16,3,2.25,0.4247,0.01,JUVENILE,0.325,0.0127,ALIVE,synthetic_reconstruction,,history,0.1,2.15,2.35,,,,,,,,,,,,,,8.6,0.21,BOT
2026-06-18 00:00:00,17,3,2.25,0.4247,0.0,JUVENILE,0.325,0.0127,ALIVE,synthetic_reconstruction,,history,0.1,2.15,2.35,,,,,,,,,,,,,,6.8,0.27,BOT
2026-06-19 00:00:00,18,3,2.25,0.4247,0.0,JUVENILE,0.325,0.0127,DECEASED,synthetic_reconstruction,,deceased,0.1,2.15,2.35,,,,,,,,,,,,,,4.9,0.32,BOT
2026-06-22 00:00:00,21,1,3.87,,,JUVENILE,0.387,0.022,ALIVE,measured,,history,0.4,3.482,4.258,,,,,3.63,3.09,4.18,24.25,0.858371,-0.151576,28.0,0.446287,-0.253937,,,
2026-06-22 00:00:00,21,2,4.11,,,JUVENILE,0.411,0.0266,ALIVE,measured,,history,0.4,3.698,4.522,,,,,3.63,3.09,4.18,25.75,0.858371,-0.151576,28.0,0.446287,-0.253937,,,
2026-06-29 00:00:00,28,1,4.19,,,JUVENILE,0.419,0.0283,ALIVE,measured,,history,0.4,3.802,4.578,,,,,3.84,3.26,4.42,24.25,0.858371,-0.151576,28.0,0.446287,-0.253937,,,
2026-06-29 00:00:00,28,2,4.45,,,JUVENILE,0.445,0.0342,ALIVE,measured,,history,0.4,4.038,4.862,,,,,3.84,3.26,4.42,25.75,0.858371,-0.151576,28.0,0.446287,-0.253937,,,
2026-07-06 00:00:00,35,1,4.549,,,JUVENILE,0.4549,0.0366,ALIVE,measured,,history,0.4,4.161,4.937,,,,,4.05,3.44,4.65,24.25,0.858371,-0.151576,28.0,0.446287,-0.253937,,,
2026-07-06 00:00:00,35,2,4.831,,,JUVENILE,0.4831,0.0442,ALIVE,measured,,history,0.4,4.419,5.243,,,,,4.05,3.44,4.65,25.75,0.858371,-0.151576,28.0,0.446287,-0.253937,,,
2026-07-13 00:00:00,42,1,4.889,,,JUVENILE,0.4889,0.0459,ALIVE,measured,,history,0.4,4.501,5.277,,,,,4.25,3.61,4.89,24.25,0.858371,-0.151576,28.0,0.446287,-0.253937,,,
2026-07-13 00:00:00,42,2,5.191,,,JUVENILE,0.5191,0.0554,ALIVE,measured,,history,0.4,4.779,5.603,,,,,4.25,3.61,4.89,25.75,0.858371,-0.151576,28.0,0.446287,-0.253937,,,
2026-07-20 00:00:00,49,1,5.238,,,JUVENILE,0.5238,0.057,ALIVE,measured,,history,0.4,4.85,5.626,,,,,4.45,3.78,5.12,24.25,0.858371,-0.151576,28.0,0.446287,-0.253937,,,
2026-07-20 00:00:00,49,2,5.562,,,JUVENILE,0.5562,0.0689,ALIVE,measured,,history,0.4,5.15,5.974,,,,,4.45,3.78,5.12,25.75,0.858371,-0.151576,28.0,0.446287,-0.253937,,,
2026-07-27 00:00:00,56,1,5.568,,,JUVENILE,0.5568,0.0691,ALIVE,measured,,history,0.45,5.131,6.004,,,,,4.65,3.96,5.35,24.25,0.858371,-0.151576,28.0,0.446287,-0.253937,,,
2026-07-27 00:00:00,56,2,5.912,,,JUVENILE,0.5912,0.0834,ALIVE,measured,,history,0.45,5.449,6.376,,,,,4.65,3.96,5.35,25.75,0.858371,-0.151576,28.0,0.446287,-0.253937,,,
2026-08-03 00:00:00,63,1,5.907,,,JUVENILE,0.5907,0.0832,ALIVE,measured,,history,0.45,5.471,6.344,,,,,4.85,4.12,5.58,24.25,0.858371,-0.151576,28.0,0.446287,-0.253937,,,
2026-08-03 00:00:00,63,2,6.273,,,JUVENILE,0.6273,0.1005,ALIVE,measured,,history,0.45,5.809,6.736,,,,,4.85,4.12,5.58,25.75,0.858371,-0.151576,28.0,0.446287,-0.253937,,,
2026-08-10 00:00:00,70,1,6.227,,,JUVENILE,0.6227,0.0982,ALIVE,measured,,history,0.5,5.742,6.712,,,,,5.05,4.29,5.81,24.25,0.858371,-0.151576,28.0,0.446287,-0.253937,,,
2026-08-10 00:00:00,70,2,6.613,,,JUVENILE,0.6613,0.1186,ALIVE,measured,,history,0.5,6.098,7.128,,,,,5.05,4.29,5.81,25.75,0.858371,-0.151576,28.0,0.446287,-0.253937,,,
2026-08-17 00:00:00,77,1,6.528,,,JUVENILE,0.6528,0.1138,ALIVE,measured,,history,0.5,6.043,7.013,,,,,5.24,4.46,6.03,24.25,0.858371,-0.151576,28.0,0.446287,-0.253937,,,
2026-08-17 00:00:00,77,2,6.932,,,JUVENILE,0.6932,0.1375,ALIVE,measured,,history,0.5,6.417,7.447,,,,,5.24,4.46,6.03,25.75,0.858371,-0.151576,28.0,0.446287,-0.253937,,,
2026-08-24 00:00:00,84,1,6.809,,,JUVENILE,0.6809,0.13,ALIVE,measured,,history,0.5,6.324,7.294,,,,,5.44,4.62,6.25,24.25,0.858371,-0.151576,28.0,0.446287,-0.253937,,,
2026-08-24 00:00:00,84,2,7.231,,,ADULT,0.7231,0.0523,ALIVE,measured,,history,0.5,6.716,7.746,,,,,5.44,4.62,6.25,25.75,0.858371,-0.151576,28.0,0.446287,-0.253937,,,
2026-08-31 00:00:00,91,1,7.062,,,ADULT,0.7062,0.0486,ALIVE,measured,,history,0.5,6.577,7.547,,,,,5.63,4.79,6.48,24.25,0.858371,-0.151576,28.0,0.446287,-0.253937,,,
2026-08-31 00:00:00,91,2,7.498,,,ADULT,0.7498,0.0586,ALIVE,measured,,history,0.5,6.983,8.013,,,,,5.63,4.79,6.48,25.75,0.858371,-0.151576,28.0,0.446287,-0.253937,,,
2026-09-07 00:00:00,98,1,7.304,,,ADULT,0.7304,0.054,ALIVE,measured,,history,0.5,6.819,7.789,,,,,5.82,4.95,6.69,24.25,0.858371,-0.151576,28.0,0.446287,-0.253937,,,
2026-09-07 00:00:00,98,2,7.756,,,ADULT,0.7756,0.0652,ALIVE,measured,,history,0.5,7.241,8.271,,,,,5.82,4.95,6.69,25.75,0.858371,-0.151576,28.0,0.446287,-0.253937,,,
2026-09-08 00:00:00,99,1,7.353,,,ADULT,0.7353,0.0551,ALIVE,measured,,current_temp,0.3,7.062,7.644,,,,,6.005,5.107,6.902,24.25,0.858371,-0.151576,28.0,0.446287,-0.253937,,,
2026-09-08 00:00:00,99,2,7.807,,,ADULT,0.7807,0.0666,ALIVE,measured,,current_temp,0.3,7.498,8.116,,,,,6.005,5.107,6.902,25.75,0.858371,-0.151576,28.0,0.446287,-0.253937,,,
2026-09-09 00:00:00,100,1,7.401,,,ADULT,0.7401,0.0563,ALIVE,measured,,current_temp,0.3,7.11,7.692,,,,,6.005,5.107,6.902,24.25,0.858371,-0.151576,28.0,0.446287,-0.253937,,,
2026-09-09 00:00:00,100,2,7.859,,,ADULT,0.7859,0.068,ALIVE,measured,,current_temp,0.3,7.55,8.168,,,,,6.005,5.107,6.902,25.75,0.858371,-0.151576,28.0,0.446287,-0.253937,,,
2026-09-10 00:00:00,101,1,7.45,,,ADULT,0.745,0.0575,ALIVE,measured,,current_temp,0.3,7.159,7.741,,,,,6.005,5.107,6.902,24.25,0.858371,-0.151576,28.0,0.446287,-0.253937,,,
2026-09-10 00:00:00,101,2,7.91,,,ADULT,0.791,0.0694,ALIVE,measured,,current_temp,0.3,7.601,8.219,,,,,6.005,5.107,6.902,25.75,0.858371,-0.151576,28.0,0.446287,-0.253937,,,
2026-09-11 00:00:00,102,1,7.508,,,ADULT,0.7508,0.0589,ALIVE,measured,,current_temp,0.3,7.217,7.799,,,,,6.005,5.107,6.902,24.25,0.858371,-0.151576,28.0,0.446287,-0.253937,,,
2026-09-11 00:00:00,102,2,7.972,,,ADULT,0.7972,0.0711,ALIVE,measured,,current_temp,0.3,7.663,8.281,,,,,6.005,5.107,6.902,25.75,0.858371,-0.151576,28.0,0.446287,-0.253937,,,
2026-09-12 00:00:00,103,1,7.556,,,ADULT,0.7556,0.0601,ALIVE,measured,,current_temp,0.3,7.265,7.847,,,,,6.005,5.107,6.902,24.25,0.858371,-0.151576,28.0,0.446287,-0.253937,,,
2026-09-12 00:00:00,103,2,8.024,,,ADULT,0.8024,0.0725,ALIVE,measured,,current_temp,0.3,7.715,8.333,,,,,6.005,5.107,6.902,25.75,0.858371,-0.151576,28.0,0.446287,-0.253937,,,
2026-09-13 00:00:00,104,1,7.605,,,ADULT,0.7605,0.0613,ALIVE,measured,,current_temp,0.3,7.314,7.896,,,,,6.005,5.107,6.902,24.25,0.858371,-0.151576,28.0,0.446287,-0.253937,,,
2026-09-13 00:00:00,104,2,8.075,,,ADULT,0.8075,0.074,ALIVE,measured,,current_temp,0.3,7.766,8.384,,,,,6.005,5.107,6.902,25.75,0.858371,-0.151576,28.0,0.446287,-0.253937,,,
2026-09-14 00:00:00,105,1,7.653,,,ADULT,0.7653,0.0625,ALIVE,measured,,current_anchor,0.3,7.362,7.944,7.653,0.3,7.362,7.944,6.005,5.107,6.902,24.25,0.858371,-0.151576,28.0,0.446287,-0.253937,,,
2026-09-14 00:00:00,105,2,8.127,,,ADULT,0.8127,0.0755,ALIVE,measured,,current_anchor,0.3,7.818,8.436,8.127,0.3,7.818,8.436,6.005,5.107,6.902,25.75,0.858371,-0.151576,28.0,0.446287,-0.253937,,,
2026-09-15 00:00:00,106,1,7.702,,,ADULT,0.7702,0.0638,ALIVE,measured,,current_temp,0.3,7.411,7.993,,,,,6.005,5.107,6.902,24.25,0.858371,-0.151576,28.0,0.446287,-0.253937,,,
2026-09-15 00:00:00,106,2,8.178,,,ADULT,0.8178,0.077,ALIVE,measured,,current_temp,0.3,7.869,8.487,,,,,6.005,5.107,6.902,25.75,0.858371,-0.151576,28.0,0.446287,-0.253937,,,
2026-09-16 00:00:00,107,1,,,,ADULT,0.7692,0.0635,ALIVE,measured,,prediction,,,,7.692,0.3,7.401,7.993,6.06,5.15,6.97,24.25,0.858371,-0.151576,28.0,0.446287,-0.253937,,,
2026-09-16 00:00:00,107,2,,,,ADULT,0.8168,0.0767,ALIVE,measured,,prediction,,,,8.168,0.3,7.859,8.487,6.06,5.15,6.97,25.75,0.858371,-0.151576,28.0,0.446287,-0.253937,,,
2026-09-23 00:00:00,114,1,,,,ADULT,0.7964,0.0708,ALIVE,measured,,prediction,,,,7.964,0.31,7.663,8.264,6.25,5.31,7.19,24.25,0.858371,-0.151576,28.0,0.446287,-0.253937,,,
2026-09-23 00:00:00,114,2,,,,ADULT,0.8456,0.0855,ALIVE,measured,,prediction,,,,8.456,0.31,8.137,8.776,6.25,5.31,7.19,25.75,0.858371,-0.151576,28.0,0.446287,-0.253937,,,
2026-09-30 00:00:00,121,1,,,,ADULT,0.8226,0.0784,ALIVE,measured,,prediction,,,,8.226,0.31,7.925,8.536,6.44,5.47,7.4,24.25,0.858371,-0.151576,28.0,0.446287,-0.253937,,,
2026-09-30 00:00:00,121,2,,,,ADULT,0.8734,0.0947,ALIVE,measured,,prediction,,,,8.734,0.31,8.415,9.064,6.44,5.47,7.4,25.75,0.858371,-0.151576,28.0,0.446287,-0.253937,,,
2026-10-07 00:00:00,128,1,,,,ADULT,0.8487,0.0865,ALIVE,measured,,prediction,,,,8.487,0.32,8.177,8.798,6.62,5.63,7.61,24.25,0.858371,-0.151576,28.0,0.446287,-0.253937,,,
2026-10-07 00:00:00,128,2,,,,ADULT,0.9013,0.1045,ALIVE,measured,,prediction,,,,9.013,0.32,8.683,9.342,6.62,5.63,7.61,25.75,0.858371,-0.151576,28.0,0.446287,-0.253937,,,
2026-10-14 00:00:00,135,1,,,,ADULT,0.8749,0.0952,ALIVE,measured,,prediction,,,,8.749,0.32,8.429,9.06,6.8,5.78,7.82,24.25,0.858371,-0.151576,28.0,0.446287,-0.253937,,,
2026-10-14 00:00:00,135,2,,,,ADULT,0.9291,0.1149,ALIVE,measured,,prediction,,,,9.291,0.32,8.951,9.62,6.8,5.78,7.82,25.75,0.858371,-0.151576,28.0,0.446287,-0.253937,,,
2026-10-21 00:00:00,142,1,,,,ADULT,0.9002,0.1041,ALIVE,measured,,prediction,,,,9.002,0.33,8.682,9.322,6.98,5.93,8.03,24.25,0.858371,-0.151576,28.0,0.446287,-0.253937,,,
2026-10-21 00:00:00,142,2,,,,ADULT,0.9558,0.1256,ALIVE,measured,,prediction,,,,9.558,0.33,9.218,9.898,6.98,5.93,8.03,25.75,0.858371,-0.151576,28.0,0.446287,-0.253937,,,
2026-10-28 00:00:00,149,1,,,,ADULT,0.9244,0.1131,ALIVE,measured,,prediction,,,,9.244,0.33,8.924,9.574,7.16,6.09,8.24,24.25,0.858371,-0.151576,28.0,0.446287,-0.253937,,,
2026-10-28 00:00:00,149,2,,,,ADULT,0.9816,0.1366,ALIVE,measured,,prediction,,,,9.816,0.33,9.476,10.166,7.16,6.09,8.24,25.75,0.858371,-0.151576,28.0,0.446287,-0.253937,,,
2026-11-04 00:00:00,156,1,,,,ADULT,0.9496,0.1231,ALIVE,measured,,prediction,,,,9.496,0.34,9.166,9.826,7.34,6.24,8.44,24.25,0.858371,-0.151576,28.0,0.446287,-0.253937,,,
2026-11-04 00:00:00,156,2,,,,ADULT,1.0084,0.1487,ALIVE,measured,,prediction,,,,10.084,0.34,9.734,10.434,7.34,6.24,8.44,25.75,0.858371,-0.151576,28.0,0.446287,-0.253937,,,
2026-11-11 00:00:00,163,1,,,,ADULT,0.9739,0.1333,ALIVE,measured,,prediction,,,,9.739,0.34,9.399,10.069,7.51,6.39,8.64,24.25,0.858371,-0.151576,28.0,0.446287,-0.253937,,,
2026-11-11 00:00:00,163,2,,,,ADULT,1.0341,0.1609,ALIVE,measured,,prediction,,,,10.341,0.34,9.981,10.691,7.51,6.39,8.64,25.75,0.858371,-0.151576,28.0,0.446287,-0.253937,,,
2026-11-18 00:00:00,170,1,,,,ADULT,0.9972,0.1435,ALIVE,measured,,prediction,,,,9.972,0.35,9.632,10.311,7.69,6.54,8.84,24.25,0.858371,-0.151576,28.0,0.446287,-0.253937,,,
2026-11-18 00:00:00,170,2,,,,ADULT,1.0588,0.1733,ALIVE,measured,,prediction,,,,10.588,0.35,10.228,10.949,7.69,6.54,8.84,25.75,0.858371,-0.151576,28.0,0.446287,-0.253937,,,
2026-11-25 00:00:00,177,1,,,,ADULT,1.0204,0.1543,ALIVE,measured,,prediction,,,,10.204,0.35,9.865,10.544,7.86,6.68,9.04,24.25,0.858371,-0.151576,28.0,0.446287,-0.253937,,,
2026-11-25 00:00:00,177,2,,,,ADULT,1.0836,0.1863,ALIVE,measured,,prediction,,,,10.836,0.35,10.475,11.196,7.86,6.68,9.04,25.75,0.858371,-0.151576,28.0,0.446287,-0.253937,,,
2026-12-02 00:00:00,184,1,,,,ADULT,1.0437,0.1656,ALIVE,measured,,prediction,,,,10.437,0.36,10.088,10.777,8.03,6.83,9.24,24.25,0.858371,-0.151576,28.0,0.446287,-0.253937,,,
2026-12-02 00:00:00,184,2,,,,ADULT,1.1083,0.2,ALIVE,measured,,prediction,,,,11.083,0.36,10.712,11.443,8.03,6.83,9.24,25.75,0.858371,-0.151576,28.0,0.446287,-0.253937,,,
2026-12-09 00:00:00,191,1,,,,ADULT,1.066,0.177,ALIVE,measured,,prediction,,,,10.66,0.36,10.311,11.01,8.2,6.97,9.43,24.25,0.858371,-0.151576,28.0,0.446287,-0.253937,,,
2026-12-09 00:00:00,191,2,,,,ADULT,1.132,0.2137,ALIVE,measured,,prediction,,,,11.32,0.36,10.949,11.69,8.2,6.97,9.43,25.75,0.858371,-0.151576,28.0,0.446287,-0.253937,,,
2026-12-16 00:00:00,198,1,,,,ADULT,1.0883,0.1889,ALIVE,measured,,prediction,,,,10.883,0.37,10.524,11.233,8.37,7.12,9.63,24.25,0.858371,-0.151576,28.0,0.446287,-0.253937,,,
2026-12-16 00:00:00,198,2,,,,ADULT,1.1557,0.2281,ALIVE,measured,,prediction,,,,11.557,0.37,11.176,11.927,8.37,7.12,9.63,25.75,0.858371,-0.151576,28.0,0.446287,-0.253937,,,
2026-12-23 00:00:00,205,1,,,,ADULT,1.1097,0.2008,ALIVE,measured,,prediction,,,,11.097,0.37,10.738,11.456,8.54,7.26,9.82,24.25,0.858371,-0.151576,28.0,0.446287,-0.253937,,,
2026-12-23 00:00:00,205,2,,,,ADULT,1.1783,0.2424,ALIVE,measured,,prediction,,,,11.783,0.37,11.402,12.164,8.54,7.26,9.82,25.75,0.858371,-0.151576,28.0,0.446287,-0.253937,,,
2026-12-30 00:00:00,212,1,,,,ADULT,1.131,0.2131,ALIVE,measured,,prediction,,,,11.31,0.38,10.951,11.679,8.71,7.4,10.01,24.25,0.858371,-0.151576,28.0,0.446287,-0.253937,,,
2026-12-30 00:00:00,212,2,,,,ADULT,1.201,0.2574,ALIVE,measured,,prediction,,,,12.01,0.38,11.629,12.401,8.71,7.4,10.01,25.75,0.858371,-0.151576,28.0,0.446287,-0.253937,,,
2027-01-06 00:00:00,219,1,,,,ADULT,1.1524,0.2261,ALIVE,measured,,prediction,,,,11.524,0.38,11.155,11.892,8.87,7.54,10.2,24.25,0.858371,-0.151576,28.0,0.446287,-0.253937,,,
2027-01-06 00:00:00,219,2,,,,ADULT,1.2236,0.2729,ALIVE,measured,,prediction,,,,12.236,0.38,11.845,12.628,8.87,7.54,10.2,25.75,0.858371,-0.151576,28.0,0.446287,-0.253937,,,
2027-01-13 00:00:00,226,1,,,,ADULT,1.1727,0.2388,ALIVE,measured,,prediction,,,,11.727,0.39,11.359,12.106,9.03,7.68,10.39,24.25,0.858371,-0.151576,28.0,0.446287,-0.253937,,,
2027-01-13 00:00:00,226,2,,,,ADULT,1.2453,0.2884,ALIVE,measured,,prediction,,,,12.453,0.39,12.061,12.854,9.03,7.68,10.39,25.75,0.858371,-0.151576,28.0,0.446287,-0.253937,,,
2027-01-20 00:00:00,233,1,,,,ADULT,1.1941,0.2527,ALIVE,measured,,prediction,,,,11.941,0.39,11.553,12.319,9.19,7.81,10.57,24.25,0.858371,-0.151576,28.0,0.446287,-0.253937,,,
2027-01-20 00:00:00,233,2,,,,ADULT,1.2679,0.3051,ALIVE,measured,,prediction,,,,12.679,0.39,12.267,13.081,9.19,7.81,10.57,25.75,0.858371,-0.151576,28.0,0.446287,-0.253937,,,
2027-01-27 00:00:00,240,1,,,,ADULT,1.2135,0.2659,ALIVE,measured,,prediction,,,,12.135,0.4,11.756,12.523,9.35,7.95,10.76,24.25,0.858371,-0.151576,28.0,0.446287,-0.253937,,,
2027-01-27 00:00:00,240,2,,,,ADULT,1.2885,0.321,ALIVE,measured,,prediction,,,,12.885,0.4,12.484,13.297,9.35,7.95,10.76,25.75,0.858371,-0.151576,28.0,0.446287,-0.253937,,,
2027-02-03 00:00:00,247,1,,,,ADULT,1.2338,0.2801,ALIVE,measured,,prediction,,,,12.338,0.4,11.95,12.726,9.51,8.09,10.94,24.25,0.858371,-0.151576,28.0,0.446287,-0.253937,,,
2027-02-03 00:00:00,247,2,,,,ADULT,1.3102,0.3382,ALIVE,measured,,prediction,,,,13.102,0.4,12.69,13.514,9.51,8.09,10.94,25.75,0.858371,-0.151576,28.0,0.446287,-0.253937,,,
2027-02-10 00:00:00,254,1,,,,ADULT,1.2532,0.2941,ALIVE,measured,,prediction,,,,12.532,0.41,12.135,12.92,9.67,8.22,11.12,24.25,0.858371,-0.151576,28.0,0.446287,-0.253937,,,
2027-02-10 00:00:00,254,2,,,,ADULT,1.3308,0.3552,ALIVE,measured,,prediction,,,,13.308,0.41,12.885,13.72,9.67,8.22,11.12,25.75,0.858371,-0.151576,28.0,0.446287,-0.253937,,,
2027-02-17 00:00:00,261,1,,,,ADULT,1.2717,0.308,ALIVE,measured,,prediction,,,,12.717,0.41,12.319,13.114,9.83,8.35,11.3,24.25,0.858371,-0.151576,28.0,0.446287,-0.253937,,,
2027-02-17 00:00:00,261,2,,,,ADULT,1.3503,0.3718,ALIVE,measured,,prediction,,,,13.503,0.41,13.081,13.926,9.83,8.35,11.3,25.75,0.858371,-0.151576,28.0,0.446287,-0.253937,,,
2027-02-24 00:00:00,268,1,,,,ADULT,1.2911,0.323,ALIVE,measured,,prediction,,,,12.911,0.41,12.503,13.308,9.98,8.48,11.48,24.25,0.858371,-0.151576,28.0,0.446287,-0.253937,,,
2027-02-24 00:00:00,268,2,,,,ADULT,1.3709,0.3899,ALIVE,measured,,prediction,,,,13.709,0.41,13.277,14.132,9.98,8.48,11.48,25.75,0.858371,-0.151576,28.0,0.446287,-0.253937,,,
2027-03-03 00:00:00,275,1,,,,ADULT,1.3095,0.3377,ALIVE,measured,,prediction,,,,13.095,0.42,12.688,13.502,10.13,8.61,11.66,24.25,0.858371,-0.151576,28.0,0.446287,-0.253937,,,
2027-03-03 00:00:00,275,2,,,,ADULT,1.3905,0.4077,ALIVE,measured,,prediction,,,,13.905,0.42,13.472,14.338,10.13,8.61,11.66,25.75,0.858371,-0.151576,28.0,0.446287,-0.253937,,,
2027-03-10 00:00:00,282,1,,,,ADULT,1.3279,0.3528,ALIVE,measured,,prediction,,,,13.279,0.42,12.862,13.687,10.29,8.74,11.83,24.25,0.858371,-0.151576,28.0,0.446287,-0.253937,,,
2027-03-10 00:00:00,282,2,,,,ADULT,1.4101,0.426,ALIVE,measured,,prediction,,,,14.101,0.42,13.658,14.533,10.29,8.74,11.83,25.75,0.858371,-0.151576,28.0,0.446287,-0.253937,,,
2027-03-17 00:00:00,289,1,,,,ADULT,1.3454,0.3676,ALIVE,measured,,prediction,,,,13.454,0.43,13.037,13.871,10.44,8.87,12.0,24.25,0.858371,-0.151576,28.0,0.446287,-0.253937,,,
2027-03-17 00:00:00,289,2,,,,ADULT,1.4286,0.4438,ALIVE,measured,,prediction,,,,14.286,0.43,13.843,14.729,10.44,8.87,12.0,25.75,0.858371,-0.151576,28.0,0.446287,-0.253937,,,
2027-03-24 00:00:00,296,1,,,,ADULT,1.3628,0.3827,ALIVE,measured,,prediction,,,,13.628,0.43,13.211,14.055,10.59,9.0,12.18,24.25,0.858371,-0.151576,28.0,0.446287,-0.253937,,,
2027-03-24 00:00:00,296,2,,,,ADULT,1.4472,0.4622,ALIVE,measured,,prediction,,,,14.472,0.43,14.029,14.925,10.59,9.0,12.18,25.75,0.858371,-0.151576,28.0,0.446287,-0.253937,,,
2027-03-31 00:00:00,303,1,,,,ADULT,1.3803,0.3984,ALIVE,measured,,prediction,,,,13.803,0.44,13.376,14.23,10.74,9.13,12.35,24.25,0.858371,-0.151576,28.0,0.446287,-0.253937,,,
2027-03-31 00:00:00,303,2,,,,ADULT,1.4657,0.481,ALIVE,measured,,prediction,,,,14.657,0.44,14.204,15.11,10.74,9.13,12.35,25.75,0.858371,-0.151576,28.0,0.446287,-0.253937,,,
2027-04-07 00:00:00,310,1,,,,ADULT,1.3978,0.4145,ALIVE,measured,,prediction,,,,13.978,0.44,13.541,14.404,10.88,9.25,12.52,24.25,0.858371,-0.151576,28.0,0.446287,-0.253937,,,
2027-04-07 00:00:00,310,2,,,,ADULT,1.4842,0.5003,ALIVE,measured,,prediction,,,,14.842,0.44,14.379,15.296,10.88,9.25,12.52,25.75,0.858371,-0.151576,28.0,0.446287,-0.253937,,,
2027-04-14 00:00:00,317,1,,,,ADULT,1.4143,0.43,ALIVE,measured,,prediction,,,,14.143,0.45,13.706,14.579,11.03,9.37,12.68,24.25,0.858371,-0.151576,28.0,0.446287,-0.253937,,,
2027-04-14 00:00:00,317,2,,,,ADULT,1.5017,0.5191,ALIVE,measured,,prediction,,,,15.017,0.45,14.554,15.481,11.03,9.37,12.68,25.75,0.858371,-0.151576,28.0,0.446287,-0.253937,,,
2027-04-21 00:00:00,324,1,,,,ADULT,1.4308,0.446,ALIVE,measured,,prediction,,,,14.308,0.45,13.871,14.744,11.17,9.5,12.85,24.25,0.858371,-0.151576,28.0,0.446287,-0.253937,,,
2027-04-21 00:00:00,324,2,,,,ADULT,1.5192,0.5383,ALIVE,measured,,prediction,,,,15.192,0.45,14.729,15.656,11.17,9.5,12.85,25.75,0.858371,-0.151576,28.0,0.446287,-0.253937,,,
2027-04-28 00:00:00,331,1,,,,ADULT,1.4472,0.4622,ALIVE,measured,,prediction,,,,14.472,0.46,14.026,14.909,11.32,9.62,13.01,24.25,0.858371,-0.151576,28.0,0.446287,-0.253937,,,
2027-04-28 00:00:00,331,2,,,,ADULT,1.5368,0.5582,ALIVE,measured,,prediction,,,,15.368,0.46,14.894,15.831,11.32,9.62,13.01,25.75,0.858371,-0.151576,28.0,0.446287,-0.253937,,,
2027-05-05 00:00:00,338,1,,,,ADULT,1.4628,0.478,ALIVE,measured,,prediction,,,,14.628,0.46,14.181,15.074,11.46,9.74,13.18,24.25,0.858371,-0.151576,28.0,0.446287,-0.253937,,,
2027-05-05 00:00:00,338,2,,,,ADULT,1.5532,0.5771,ALIVE,measured,,prediction,,,,15.532,0.46,15.059,16.006,11.46,9.74,13.18,25.75,0.858371,-0.151576,28.0,0.446287,-0.253937,,,
2027-05-12 00:00:00,345,1,,,,ADULT,1.4783,0.4941,ALIVE,measured,,prediction,,,,14.783,0.47,14.337,15.239,11.6,9.86,13.34,24.25,0.858371,-0.151576,28.0,0.446287,-0.253937,,,
2027-05-12 00:00:00,345,2,,,,ADULT,1.5697,0.5965,ALIVE,measured,,prediction,,,,15.697,0.47,15.223,16.181,11.6,9.86,13.34,25.75,0.858371,-0.151576,28.0,0.446287,-0.253937,,,
2027-05-19 00:00:00,352,1,,,,ADULT,1.4938,0.5106,ALIVE,measured,,prediction,,,,14.938,0.47,14.482,15.394,11.74,9.98,13.5,24.25,0.858371,-0.151576,28.0,0.446287,-0.253937,,,
2027-05-19 00:00:00,352,2,,,,ADULT,1.5862,0.6165,ALIVE,measured,,prediction,,,,15.862,0.47,15.378,16.346,11.74,9.98,13.5,25.75,0.858371,-0.151576,28.0,0.446287,-0.253937,,,
2027-05-26 00:00:00,359,1,,,,ADULT,1.5093,0.5274,ALIVE,measured,,prediction,,,,15.093,0.48,14.628,15.559,11.88,10.1,13.66,24.25,0.858371,-0.151576,28.0,0.446287,-0.253937,,,
2027-05-26 00:00:00,359,2,,,,ADULT,1.6027,0.6368,ALIVE,measured,,prediction,,,,16.027,0.48,15.532,16.521,11.88,10.1,13.66,25.75,0.858371,-0.151576,28.0,0.446287,-0.253937,,,
2027-06-02 00:00:00,366,1,,,,ADULT,1.5239,0.5436,ALIVE,measured,,prediction,,,,15.239,0.48,14.773,15.714,12.01,10.21,13.82,24.25,0.858371,-0.151576,28.0,0.446287,-0.253937,,,
2027-06-02 00:00:00,366,2,,,,ADULT,1.6181,0.6562,ALIVE,measured,,prediction,,,,16.181,0.48,15.687,16.686,12.01,10.21,13.82,25.75,0.858371,-0.151576,28.0,0.446287,-0.253937,,,
2027-06-09 00:00:00,373,1,,,,ADULT,1.5384,0.56,ALIVE,measured,,prediction,,,,15.384,0.49,14.919,15.86,12.15,10.33,13.97,24.25,0.858371,-0.151576,28.0,0.446287,-0.253937,,,
2027-06-09 00:00:00,373,2,,,,ADULT,1.6336,0.6762,ALIVE,measured,,prediction,,,,16.336,0.49,15.841,16.841,12.15,10.33,13.97,25.75,0.858371,-0.151576,28.0,0.446287,-0.253937,,,
2027-06-16 00:00:00,380,1,,,,ADULT,1.553,0.5768,ALIVE,measured,,prediction,,,,15.53,0.49,15.054,16.015,12.29,10.44,14.13,24.25,0.858371,-0.151576,28.0,0.446287,-0.253937,,,
2027-06-16 00:00:00,380,2,,,,ADULT,1.649,0.6964,ALIVE,measured,,prediction,,,,16.49,0.49,15.986,17.005,12.29,10.44,14.13,25.75,0.858371,-0.151576,28.0,0.446287,-0.253937,,,
2027-06-23 00:00:00,387,1,,,,ADULT,1.5675,0.5939,ALIVE,measured,,prediction,,,,15.675,0.5,15.19,16.16,12.42,10.56,14.28,24.25,0.858371,-0.151576,28.0,0.446287,-0.253937,,,
2027-06-23 00:00:00,387,2,,,,ADULT,1.6645,0.7171,ALIVE,measured,,prediction,,,,16.645,0.5,16.13,17.16,12.42,10.56,14.28,25.75,0.858371,-0.151576,28.0,0.446287,-0.253937,,,
2027-06-30 00:00:00,394,1,,,,ADULT,1.5811,0.6103,ALIVE,measured,,prediction,,,,15.811,0.5,15.326,16.306,12.55,10.67,14.44,24.25,0.858371,-0.151576,28.0,0.446287,-0.253937,,,
2027-06-30 00:00:00,394,2,,,,ADULT,1.6789,0.7368,ALIVE,measured,,prediction,,,,16.789,0.5,16.274,17.314,12.55,10.67,14.44,25.75,0.858371,-0.151576,28.0,0.446287,-0.253937,,,
2027-07-07 00:00:00,401,1,,,,ADULT,1.5956,0.628,ALIVE,measured,,prediction,,,,15.956,0.51,15.462,16.441,12.68,10.78,14.59,24.25,0.858371,-0.151576,28.0,0.446287,-0.253937,,,
2027-07-07 00:00:00,401,2,,,,ADULT,1.6944,0.7584,ALIVE,measured,,prediction,,,,16.944,0.51,16.418,17.458,12.68,10.78,14.59,25.75,0.858371,-0.151576,28.0,0.446287,-0.253937,,,
2027-07-14 00:00:00,408,1,,,,ADULT,1.6092,0.645,ALIVE,measured,,prediction,,,,16.092,0.51,15.598,16.587,12.81,10.89,14.74,24.25,0.858371,-0.151576,28.0,0.446287,-0.253937,,,
2027-07-14 00:00:00,408,2,,,,ADULT,1.7088,0.7788,ALIVE,measured,,prediction,,,,17.088,0.51,16.562,17.613,12.81,10.89,14.74,25.75,0.858371,-0.151576,28.0,0.446287,-0.253937,,,
2027-07-21 00:00:00,415,1,,,,ADULT,1.6218,0.6609,ALIVE,measured,,prediction,,,,16.218,0.52,15.724,16.723,12.94,11.0,14.89,24.25,0.858371,-0.151576,28.0,0.446287,-0.253937,,,
2027-07-21 00:00:00,415,2,,,,ADULT,1.7222,0.7981,ALIVE,measured,,prediction,,,,17.222,0.52,16.696,17.757,12.94,11.0,14.89,25.75,0.858371,-0.151576,28.0,0.446287,-0.253937,,,
2027-07-28 00:00:00,422,1,,,,ADULT,1.6354,0.6785,ALIVE,measured,,prediction,,,,16.354,0.52,15.85,16.859,13.07,11.11,15.03,24.25,0.858371,-0.151576,28.0,0.446287,-0.253937,,,
2027-07-28 00:00:00,422,2,,,,ADULT,1.7366,0.8193,ALIVE,measured,,prediction,,,,17.366,0.52,16.83,17.901,13.07,11.11,15.03,25.75,0.858371,-0.151576,28.0,0.446287,-0.253937,,,
2027-08-04 00:00:00,429,1,,,,ADULT,1.648,0.6951,ALIVE,measured,,prediction,,,,16.48,0.53,15.976,16.994,13.2,11.22,15.18,24.25,0.858371,-0.151576,28.0,0.446287,-0.253937,,,
2027-08-04 00:00:00,429,2,,,,ADULT,1.75,0.8393,ALIVE,measured,,prediction,,,,17.5,0.53,16.964,18.046,13.2,11.22,15.18,25.75,0.858371,-0.151576,28.0,0.446287,-0.253937,,,
2027-08-11 00:00:00,436,1,,,,ADULT,1.6606,0.7119,ALIVE,measured,,prediction,,,,16.606,0.53,16.092,17.12,13.33,11.33,15.32,24.25,0.858371,-0.151576,28.0,0.446287,-0.253937,,,
2027-08-11 00:00:00,436,2,,,,ADULT,1.7634,0.8596,ALIVE,measured,,prediction,,,,17.634,0.53,17.088,18.179,13.33,11.33,15.32,25.75,0.858371,-0.151576,28.0,0.446287,-0.253937,,,
2027-08-18 00:00:00,443,1,,,,ADULT,1.6732,0.729,ALIVE,measured,,prediction,,,,16.732,0.53,16.218,17.256,13.45,11.43,15.47,24.25,0.858371,-0.151576,28.0,0.446287,-0.253937,,,
2027-08-18 00:00:00,443,2,,,,ADULT,1.7768,0.8803,ALIVE,measured,,prediction,,,,17.768,0.53,17.222,18.324,13.45,11.43,15.47,25.75,0.858371,-0.151576,28.0,0.446287,-0.253937,,,
2027-08-25 00:00:00,450,1,,,,ADULT,1.6859,0.7465,ALIVE,measured,,prediction,,,,16.859,0.54,16.335,17.382,13.57,11.54,15.61,24.25,0.858371,-0.151576,28.0,0.446287,-0.253937,,,
2027-08-25 00:00:00,450,2,,,,ADULT,1.7901,0.9012,ALIVE,measured,,prediction,,,,17.901,0.54,17.345,18.458,13.57,11.54,15.61,25.75,0.858371,-0.151576,28.0,0.446287,-0.253937,,,
2027-09-01 00:00:00,457,1,,,,ADULT,1.6975,0.7627,ALIVE,measured,,prediction,,,,16.975,0.54,16.451,17.508,13.7,11.64,15.75,24.25,0.858371,-0.151576,28.0,0.446287,-0.253937,,,
2027-09-01 00:00:00,457,2,,,,ADULT,1.8025,0.9209,ALIVE,measured,,prediction,,,,18.025,0.54,17.469,18.592,13.7,11.64,15.75,25.75,0.858371,-0.151576,28.0,0.446287,-0.253937,,,
2027-09-08 00:00:00,464,1,,,,ADULT,1.7091,0.7792,ALIVE,measured,,prediction,,,,17.091,0.55,16.558,17.625,13.82,11.75,15.89,24.25,0.858371,-0.151576,28.0,0.446287,-0.253937,,,
2027-09-08 00:00:00,464,2,,,,ADULT,1.8149,0.941,ALIVE,measured,,prediction,,,,18.149,0.55,17.582,18.715,13.82,11.75,15.89,25.75,0.858371,-0.151576,28.0,0.446287,-0.253937,,,
2027-09-15 00:00:00,471,1,,,,ADULT,1.7208,0.7961,ALIVE,measured,,prediction,,,,17.208,0.55,16.674,17.751,13.94,11.85,16.03,24.25,0.858371,-0.151576,28.0,0.446287,-0.253937,,,
2027-09-15 00:00:00,471,2,,,,ADULT,1.8272,0.9611,ALIVE,measured,,prediction,,,,18.272,0.55,17.706,18.849,13.94,11.85,16.03,25.75,0.858371,-0.151576,28.0,0.446287,-0.253937,,,
2027-09-22 00:00:00,478,1,,,,ADULT,1.7324,0.8131,ALIVE,measured,,prediction,,,,17.324,0.56,16.781,17.867,14.06,11.95,16.17,24.25,0.858371,-0.151576,28.0,0.446287,-0.253937,,,
2027-09-22 00:00:00,478,2,,,,ADULT,1.8396,0.9818,ALIVE,measured,,prediction,,,,18.396,0.56,17.819,18.973,14.06,11.95,16.17,25.75,0.858371,-0.151576,28.0,0.446287,-0.253937,,,
2027-09-29 00:00:00,485,1,,,,ADULT,1.7441,0.8304,ALIVE,measured,,prediction,,,,17.441,0.56,16.897,17.984,14.18,12.05,16.3,24.25,0.858371,-0.151576,28.0,0.446287,-0.253937,,,
2027-09-29 00:00:00,485,2,,,,ADULT,1.8519,1.0025,ALIVE,measured,,prediction,,,,18.519,0.56,17.943,19.096,14.18,12.05,16.3,25.75,0.858371,-0.151576,28.0,0.446287,-0.253937,,,
2027-10-06 00:00:00,492,1,,,,ADULT,1.7547,0.8464,ALIVE,measured,,prediction,,,,17.547,0.57,16.994,18.1,14.3,12.15,16.44,24.25,0.858371,-0.151576,28.0,0.446287,-0.253937,,,
2027-10-06 00:00:00,492,2,,,,ADULT,1.8633,1.022,ALIVE,measured,,prediction,,,,18.633,0.57,18.046,19.22,14.3,12.15,16.44,25.75,0.858371,-0.151576,28.0,0.446287,-0.253937,,,
2027-10-13 00:00:00,499,1,,,,ADULT,1.7664,0.8642,ALIVE,measured,,prediction,,,,17.664,0.57,17.101,18.217,14.41,12.25,16.57,24.25,0.858371,-0.151576,28.0,0.446287,-0.253937,,,
2027-10-13 00:00:00,499,2,,,,ADULT,1.8756,1.0434,ALIVE,measured,,prediction,,,,18.756,0.57,18.159,19.343,14.41,12.25,16.57,25.75,0.858371,-0.151576,28.0,0.446287,-0.253937,,,
2027-10-20 00:00:00,506,1,,,,ADULT,1.777,0.8806,ALIVE,measured,,prediction,,,,17.77,0.58,17.208,18.323,14.53,12.35,16.71,24.25,0.858371,-0.151576,28.0,0.446287,-0.253937,,,
2027-10-20 00:00:00,506,2,,,,ADULT,1.887,1.0634,ALIVE,measured,,prediction,,,,18.87,0.58,18.272,19.457,14.53,12.35,16.71,25.75,0.858371,-0.151576,28.0,0.446287,-0.253937,,,
2027-10-27 00:00:00,513,1,,,,ADULT,1.7877,0.8974,ALIVE,measured,,prediction,,,,17.877,0.58,17.305,18.44,14.64,12.45,16.84,24.25,0.858371,-0.151576,28.0,0.446287,-0.253937,,,
2027-10-27 00:00:00,513,2,,,,ADULT,1.8983,1.0835,ALIVE,measured,,prediction,,,,18.983,0.58,18.375,19.58,14.64,12.45,16.84,25.75,0.858371,-0.151576,28.0,0.446287,-0.253937,,,
2027-11-03 00:00:00,520,1,,,,ADULT,1.7974,0.9128,ALIVE,measured,,prediction,,,,17.974,0.59,17.412,18.546,14.76,12.54,16.97,24.25,0.858371,-0.151576,28.0,0.446287,-0.253937,,,
2027-11-03 00:00:00,520,2,,,,ADULT,1.9086,1.1021,ALIVE,measured,,prediction,,,,19.086,0.59,18.488,19.694,14.76,12.54,16.97,25.75,0.858371,-0.151576,28.0,0.446287,-0.253937,,,
2027-11-10 00:00:00,527,1,,,,ADULT,1.8081,0.9299,ALIVE,measured,,prediction,,,,18.081,0.59,17.508,18.653,14.87,12.64,17.1,24.25,0.858371,-0.151576,28.0,0.446287,-0.253937,,,
2027-11-10 00:00:00,527,2,,,,ADULT,1.9199,1.1227,ALIVE,measured,,prediction,,,,19.199,0.59,18.592,19.807,14.87,12.64,17.1,25.75,0.858371,-0.151576,28.0,0.446287,-0.253937,,,
2027-11-17 00:00:00,534,1,,,,ADULT,1.8178,0.9457,ALIVE,measured,,prediction,,,,18.178,0.6,17.606,18.76,14.98,12.73,17.23,24.25,0.858371,-0.151576,28.0,0.446287,-0.253937,,,
2027-11-17 00:00:00,534,2,,,,ADULT,1.9302,1.1417,ALIVE,measured,,prediction,,,,19.302,0.6,18.694,19.92,14.98,12.73,17.23,25.75,0.858371,-0.151576,28.0,0.446287,-0.253937,,,
2027-11-24 00:00:00,541,1,,,,ADULT,1.8275,0.9616,ALIVE,measured,,prediction,,,,18.275,0.6,17.693,18.866,15.09,12.83,17.36,24.25,0.858371,-0.151576,28.0,0.446287,-0.253937,,,
2027-11-24 00:00:00,541,2,,,,ADULT,1.9405,1.161,ALIVE,measured,,prediction,,,,19.405,0.6,18.787,20.034,15.09,12.83,17.36,25.75,0.858371,-0.151576,28.0,0.446287,-0.253937,,,
2027-12-01 00:00:00,548,1,,,,ADULT,1.8372,0.9777,ALIVE,measured,,prediction,,,,18.372,0.61,17.79,18.964,15.2,12.92,17.48,24.25,0.858371,-0.151576,28.0,0.446287,-0.253937,,,
2027-12-01 00:00:00,548,2,,,,ADULT,1.9508,1.1804,ALIVE,measured,,prediction,,,,19.508,0.61,18.89,20.136,15.2,12.92,17.48,25.75,0.858371,-0.151576,28.0,0.446287,-0.253937,,,
2027-12-08 00:00:00,555,1,,,,ADULT,1.8469,0.994,ALIVE,measured,,prediction,,,,18.469,0.61,17.877,19.07,15.31,13.01,17.61,24.25,0.858371,-0.151576,28.0,0.446287,-0.253937,,,
2027-12-08 00:00:00,555,2,,,,ADULT,1.9611,1.2001,ALIVE,measured,,prediction,,,,19.611,0.61,18.983,20.25,15.31,13.01,17.61,25.75,0.858371,-0.151576,28.0,0.446287,-0.253937,,,
2027-12-15 00:00:00,562,1,,,,ADULT,1.8566,1.0105,ALIVE,measured,,prediction,,,,18.566,0.62,17.964,19.167,15.42,13.11,17.73,24.25,0.858371,-0.151576,28.0,0.446287,-0.253937,,,
2027-12-15 00:00:00,562,2,,,,ADULT,1.9714,1.22,ALIVE,measured,,prediction,,,,19.714,0.62,19.076,20.353,15.42,13.11,17.73,25.75,0.858371,-0.151576,28.0,0.446287,-0.253937,,,
2027-12-22 00:00:00,569,1,,,,ADULT,1.8663,1.0272,ALIVE,measured,,prediction,,,,18.663,0.62,18.061,19.264,15.53,13.2,17.86,24.25,0.858371,-0.151576,28.0,0.446287,-0.253937,,,
2027-12-22 00:00:00,569,2,,,,ADULT,1.9817,1.2402,ALIVE,measured,,prediction,,,,19.817,0.62,19.179,20.456,15.53,13.2,17.86,25.75,0.858371,-0.151576,28.0,0.446287,-0.253937,,,
2027-12-29 00:00:00,576,1,,,,ADULT,1.875,1.0423,ALIVE,measured,,prediction,,,,18.75,0.63,18.139,19.361,15.63,13.29,17.98,24.25,0.858371,-0.151576,28.0,0.446287,-0.253937,,,
2027-12-29 00:00:00,576,2,,,,ADULT,1.991,1.2585,ALIVE,measured,,prediction,,,,19.91,0.63,19.261,20.559,15.63,13.29,17.98,25.75,0.858371,-0.151576,28.0,0.446287,-0.253937,,,
2028-01-05 00:00:00,583,1,,,,ADULT,1.8837,1.0576,ALIVE,measured,,prediction,,,,18.837,0.63,18.226,19.448,15.74,13.38,18.1,24.25,0.858371,-0.151576,28.0,0.446287,-0.253937,,,
2028-01-05 00:00:00,583,2,,,,ADULT,2.0003,1.2771,ALIVE,measured,,prediction,,,,20.003,0.63,19.354,20.652,15.74,13.38,18.1,25.75,0.858371,-0.151576,28.0,0.446287,-0.253937,,,
2028-01-12 00:00:00,590,1,,,,ADULT,1.8925,1.0732,ALIVE,measured,,prediction,,,,18.925,0.64,18.314,19.545,15.84,13.47,18.22,24.25,0.858371,-0.151576,28.0,0.446287,-0.253937,,,
2028-01-12 00:00:00,590,2,,,,ADULT,2.0095,1.2956,ALIVE,measured,,prediction,,,,20.095,0.64,19.446,20.754,15.84,13.47,18.22,25.75,0.858371,-0.151576,28.0,0.446287,-0.253937,,,
2028-01-19 00:00:00,597,1,,,,ADULT,1.9012,1.0887,ALIVE,measured,,prediction,,,,19.012,0.64,18.391,19.633,15.95,13.55,18.34,24.25,0.858371,-0.151576,28.0,0.446287,-0.253937,,,
2028-01-19 00:00:00,597,2,,,,ADULT,2.0188,1.3145,ALIVE,measured,,prediction,,,,20.188,0.64,19.529,20.847,15.95,13.55,18.34,25.75,0.858371,-0.151576,28.0,0.446287,-0.253937,,,
2028-01-26 00:00:00,604,1,,,,ADULT,1.9099,1.1045,ALIVE,measured,,prediction,,,,19.099,0.64,18.478,19.73,16.05,13.64,18.46,24.25,0.858371,-0.151576,28.0,0.446287,-0.253937,,,
2028-01-26 00:00:00,604,2,,,,ADULT,2.0281,1.3336,ALIVE,measured,,prediction,,,,20.281,0.64,19.622,20.95,16.05,13.64,18.46,25.75,0.858371,-0.151576,28.0,0.446287,-0.253937,,,
2028-02-02 00:00:00,611,1,,,,ADULT,1.9187,1.1205,ALIVE,measured,,prediction,,,,19.187,0.65,18.556,19.817,16.15,13.73,18.57,24.25,0.858371,-0.151576,28.0,0.446287,-0.253937,,,
2028-02-02 00:00:00,611,2,,,,ADULT,2.0373,1.3527,ALIVE,measured,,prediction,,,,20.373,0.65,19.704,21.043,16.15,13.73,18.57,25.75,0.858371,-0.151576,28.0,0.446287,-0.253937,,,
2028-02-09 00:00:00,618,1,,,,ADULT,1.9264,1.1347,ALIVE,measured,,prediction,,,,19.264,0.65,18.634,19.904,16.25,13.81,18.69,24.25,0.858371,-0.151576,28.0,0.446287,-0.253937,,,
2028-02-09 00:00:00,618,2,,,,ADULT,2.0456,1.3701,ALIVE,measured,,prediction,,,,20.456,0.65,19.786,21.136,16.25,13.81,18.69,25.75,0.858371,-0.151576,28.0,0.446287,-0.253937,,,
2028-02-16 00:00:00,625,1,,,,ADULT,1.9351,1.1509,ALIVE,measured,,prediction,,,,19.351,0.66,18.711,19.992,16.35,13.9,18.8,24.25,0.858371,-0.151576,28.0,0.446287,-0.253937,,,
2028-02-16 00:00:00,625,2,,,,ADULT,2.0548,1.3895,ALIVE,measured,,prediction,,,,20.548,0.66,19.869,21.228,16.35,13.9,18.8,25.75,0.858371,-0.151576,28.0,0.446287,-0.253937,,,
2028-02-23 00:00:00,632,1,,,,ADULT,1.9429,1.1655,ALIVE,measured,,prediction,,,,19.429,0.66,18.789,20.069,16.45,13.98,18.92,24.25,0.858371,-0.151576,28.0,0.446287,-0.253937,,,
2028-02-23 00:00:00,632,2,,,,ADULT,2.0631,1.4072,ALIVE,measured,,prediction,,,,20.631,0.66,19.951,21.311,16.45,13.98,18.92,25.75,0.858371,-0.151576,28.0,0.446287,-0.253937,,,
2028-03-01 00:00:00,639,1,,,,ADULT,1.9507,1.1802,ALIVE,measured,,prediction,,,,19.507,0.67,18.857,20.157,16.55,14.07,19.03,24.25,0.858371,-0.151576,28.0,0.446287,-0.253937,,,
2028-03-01 00:00:00,639,2,,,,ADULT,2.0713,1.4249,ALIVE,measured,,prediction,,,,20.713,0.67,20.023,21.403,16.55,14.07,19.03,25.75,0.858371,-0.151576,28.0,0.446287,-0.253937,,,
2028-03-08 00:00:00,646,1,,,,ADULT,1.9584,1.1949,ALIVE,measured,,prediction,,,,19.584,0.67,18.934,20.234,16.65,14.15,19.14,24.25,0.858371,-0.151576,28.0,0.446287,-0.253937,,,
2028-03-08 00:00:00,646,2,,,,ADULT,2.0796,1.4429,ALIVE,measured,,prediction,,,,20.796,0.67,20.106,21.486,16.65,14.15,19.14,25.75,0.858371,-0.151576,28.0,0.446287,-0.253937,,,
2028-03-15 00:00:00,653,1,,,,ADULT,1.9662,1.2099,ALIVE,measured,,prediction,,,,19.662,0.68,19.002,20.322,16.74,14.23,19.25,24.25,0.858371,-0.151576,28.0,0.446287,-0.253937,,,
2028-03-15 00:00:00,653,2,,,,ADULT,2.0878,1.4608,ALIVE,measured,,prediction,,,,20.878,0.68,20.178,21.578,16.74,14.23,19.25,25.75,0.858371,-0.151576,28.0,0.446287,-0.253937,,,
2028-03-22 00:00:00,660,1,,,,ADULT,1.974,1.2251,ALIVE,measured,,prediction,,,,19.74,0.68,19.07,20.399,16.84,14.31,19.36,24.25,0.858371,-0.151576,28.0,0.446287,-0.253937,,,
2028-03-22 00:00:00,660,2,,,,ADULT,2.0961,1.4791,ALIVE,measured,,prediction,,,,20.961,0.68,20.25,21.661,16.84,14.31,19.36,25.75,0.858371,-0.151576,28.0,0.446287,-0.253937,,,
2028-03-29 00:00:00,667,1,,,,ADULT,1.9807,1.2382,ALIVE,measured,,prediction,,,,19.807,0.69,19.138,20.477,16.93,14.39,19.47,24.25,0.858371,-0.151576,28.0,0.446287,-0.253937,,,
2028-03-29 00:00:00,667,2,,,,ADULT,2.1033,1.4952,ALIVE,measured,,prediction,,,,21.033,0.69,20.322,21.743,16.93,14.39,19.47,25.75,0.858371,-0.151576,28.0,0.446287,-0.253937,,,
2028-04-05 00:00:00,674,1,,,,ADULT,1.9885,1.2536,ALIVE,measured,,prediction,,,,19.885,0.69,19.206,20.554,17.03,14.47,19.58,24.25,0.858371,-0.151576,28.0,0.446287,-0.253937,,,
2028-04-05 00:00:00,674,2,,,,ADULT,2.1115,1.5135,ALIVE,measured,,prediction,,,,21.115,0.69,20.394,21.826,17.03,14.47,19.58,25.75,0.858371,-0.151576,28.0,0.446287,-0.253937,,,
2028-04-12 00:00:00,681,1,,,,ADULT,1.9953,1.2671,ALIVE,measured,,prediction,,,,19.953,0.7,19.274,20.632,17.12,14.55,19.69,24.25,0.858371,-0.151576,28.0,0.446287,-0.253937,,,
2028-04-12 00:00:00,681,2,,,,ADULT,2.1187,1.5298,ALIVE,measured,,prediction,,,,21.187,0.7,20.466,21.908,17.12,14.55,19.69,25.75,0.858371,-0.151576,28.0,0.446287,-0.253937,,,
2028-04-19 00:00:00,688,1,,,,ADULT,2.0021,1.2807,ALIVE,measured,,prediction,,,,20.021,0.7,19.342,20.71,17.21,14.63,19.8,24.25,0.858371,-0.151576,28.0,0.446287,-0.253937,,,
2028-04-19 00:00:00,688,2,,,,ADULT,2.1259,1.5462,ALIVE,measured,,prediction,,,,21.259,0.7,20.538,21.99,17.21,14.63,19.8,25.75,0.858371,-0.151576,28.0,0.446287,-0.253937,,,
2028-04-26 00:00:00,695,1,,,,ADULT,2.0089,1.2944,ALIVE,measured,,prediction,,,,20.089,0.71,19.41,20.777,17.31,14.71,19.9,24.25,0.858371,-0.151576,28.0,0.446287,-0.253937,,,
2028-04-26 00:00:00,695,2,,,,ADULT,2.1331,1.5627,ALIVE,measured,,prediction,,,,21.331,0.71,20.61,22.063,17.31,14.71,19.9,25.75,0.858371,-0.151576,28.0,0.446287,-0.253937,,,
2028-05-03 00:00:00,702,1,,,,ADULT,2.0157,1.3082,ALIVE,measured,,prediction,,,,20.157,0.71,19.468,20.855,17.4,14.79,20.01,24.25,0.858371,-0.151576,28.0,0.446287,-0.253937,,,
2028-05-03 00:00:00,702,2,,,,ADULT,2.1403,1.5793,ALIVE,measured,,prediction,,,,21.403,0.71,20.672,22.145,17.4,14.79,20.01,25.75,0.858371,-0.151576,28.0,0.446287,-0.253937,,,
2028-05-10 00:00:00,709,1,,,,ADULT,2.0225,1.3221,ALIVE,measured,,prediction,,,,20.225,0.72,19.536,20.923,17.49,14.86,20.11,24.25,0.858371,-0.151576,28.0,0.446287,-0.253937,,,
2028-05-10 00:00:00,709,2,,,,ADULT,2.1476,1.5963,ALIVE,measured,,prediction,,,,21.476,0.72,20.744,22.217,17.49,14.86,20.11,25.75,0.858371,-0.151576,28.0,0.446287,-0.253937,,,
2028-05-17 00:00:00,716,1,,,,ADULT,2.0292,1.3359,ALIVE,measured,,prediction,,,,20.292,0.72,19.594,20.991,17.58,14.94,20.21,24.25,0.858371,-0.151576,28.0,0.446287,-0.253937,,,
2028-05-17 00:00:00,716,2,,,,ADULT,2.1548,1.6131,ALIVE,measured,,prediction,,,,21.548,0.72,20.806,22.289,17.58,14.94,20.21,25.75,0.858371,-0.151576,28.0,0.446287,-0.253937,,,
2028-05-24 00:00:00,723,1,,,,ADULT,2.036,1.35,ALIVE,measured,,prediction,,,,20.36,0.73,19.652,21.059,17.67,15.02,20.32,24.25,0.858371,-0.151576,28.0,0.446287,-0.253937,,,
2028-05-24 00:00:00,723,2,,,,ADULT,2.162,1.6301,ALIVE,measured,,prediction,,,,21.62,0.73,20.868,22.361,17.67,15.02,20.32,25.75,0.858371,-0.151576,28.0,0.446287,-0.253937,,,
2028-05-31 00:00:00,730,1,,,,ADULT,2.0418,1.3621,ALIVE,measured,,prediction,,,,20.418,0.73,19.71,21.127,17.75,15.09,20.42,24.25,0.858371,-0.151576,28.0,0.446287,-0.253937,,,
2028-05-31 00:00:00,730,2,,,,ADULT,2.1682,1.6449,ALIVE,measured,,prediction,,,,21.682,0.73,20.93,22.433,17.75,15.09,20.42,25.75,0.858371,-0.151576,28.0,0.446287,-0.253937,,,
2028-06-07 00:00:00,737,1,,,,ADULT,2.0486,1.3764,ALIVE,measured,,prediction,,,,20.486,0.74,19.769,21.194,17.84,15.17,20.52,24.25,0.858371,-0.151576,28.0,0.446287,-0.253937,,,
2028-06-07 00:00:00,737,2,,,,ADULT,2.1754,1.6621,ALIVE,measured,,prediction,,,,21.754,0.74,20.991,22.506,17.84,15.17,20.52,25.75,0.858371,-0.151576,28.0,0.446287,-0.253937,,,
2028-06-14 00:00:00,744,1,,,,ADULT,2.0545,1.3889,ALIVE,measured,,prediction,,,,20.545,0.74,19.827,21.262,17.93,15.24,20.62,24.25,0.858371,-0.151576,28.0,0.446287,-0.253937,,,
2028-06-14 00:00:00,744,2,,,,ADULT,2.1815,1.6767,ALIVE,measured,,prediction,,,,21.815,0.74,21.053,22.578,17.93,15.24,20.62,25.75,0.858371,-0.151576,28.0,0.446287,-0.253937,,,
2028-06-21 00:00:00,751,1,,,,ADULT,2.0603,1.4013,ALIVE,measured,,prediction,,,,20.603,0.75,19.885,21.33,18.01,15.31,20.72,24.25,0.858371,-0.151576,28.0,0.446287,-0.253937,,,
2028-06-21 00:00:00,751,2,,,,ADULT,2.1877,1.6918,ALIVE,measured,,prediction,,,,21.877,0.75,21.115,22.65,18.01,15.31,20.72,25.75,0.858371,-0.151576,28.0,0.446287,-0.253937,,,
2028-06-28 00:00:00,758,1,,,,ADULT,2.0661,1.4137,ALIVE,measured,,prediction,,,,20.661,0.75,19.934,21.388,18.1,15.38,20.81,24.25,0.858371,-0.151576,28.0,0.446287,-0.253937,,,
2028-06-28 00:00:00,758,2,,,,ADULT,2.1939,1.7069,ALIVE,measured,,prediction,,,,21.939,0.75,21.167,22.712,18.1,15.38,20.81,25.75,0.858371,-0.151576,28.0,0.446287,-0.253937,,,
2028-07-05 00:00:00,765,1,,,,ADULT,2.0719,1.4262,ALIVE,measured,,prediction,,,,20.719,0.76,19.992,21.456,18.18,15.46,20.91,24.25,0.858371,-0.151576,28.0,0.446287,-0.253937,,,
2028-07-05 00:00:00,765,2,,,,ADULT,2.2001,1.722,ALIVE,measured,,prediction,,,,22.001,0.76,21.228,22.784,18.18,15.46,20.91,25.75,0.858371,-0.151576,28.0,0.446287,-0.253937,,,
2028-07-12 00:00:00,772,1,,,,ADULT,2.0777,1.4388,ALIVE,measured,,prediction,,,,20.777,0.76,20.04,21.515,18.27,15.53,21.01,24.25,0.858371,-0.151576,28.0,0.446287,-0.253937,,,
2028-07-12 00:00:00,772,2,,,,ADULT,2.2063,1.7373,ALIVE,measured,,prediction,,,,22.063,0.76,21.28,22.845,18.27,15.53,21.01,25.75,0.858371,-0.151576,28.0,0.446287,-0.253937,,,
2028-07-19 00:00:00,779,1,,,,ADULT,2.0836,1.4516,ALIVE,measured,,prediction,,,,20.836,0.76,20.098,21.582,18.35,15.6,21.1,24.25,0.858371,-0.151576,28.0,0.446287,-0.253937,,,
2028-07-19 00:00:00,779,2,,,,ADULT,2.2124,1.7525,ALIVE,measured,,prediction,,,,22.124,0.76,21.342,22.918,18.35,15.6,21.1,25.75,0.858371,-0.151576,28.0,0.446287,-0.253937,,,
2028-07-26 00:00:00,786,1,,,,ADULT,2.0894,1.4643,ALIVE,measured,,prediction,,,,20.894,0.77,20.147,21.641,18.43,15.67,21.2,24.25,0.858371,-0.151576,28.0,0.446287,-0.253937,,,
2028-07-26 00:00:00,786,2,,,,ADULT,2.2186,1.7679,ALIVE,measured,,prediction,,,,22.186,0.77,21.393,22.979,18.43,15.67,21.2,25.75,0.858371,-0.151576,28.0,0.446287,-0.253937,,,
2028-08-02 00:00:00,793,1,,,,ADULT,2.0952,1.4771,ALIVE,measured,,prediction,,,,20.952,0.77,20.195,21.699,18.51,15.74,21.29,24.25,0.858371,-0.151576,28.0,0.446287,-0.253937,,,
2028-08-02 00:00:00,793,2,,,,ADULT,2.2248,1.7835,ALIVE,measured,,prediction,,,,22.248,0.77,21.445,23.041,18.51,15.74,21.29,25.75,0.858371,-0.151576,28.0,0.446287,-0.253937,,,
2028-08-09 00:00:00,800,1,,,,ADULT,2.1,1.4878,ALIVE,measured,,prediction,,,,21.0,0.78,20.244,21.757,18.59,15.8,21.38,24.25,0.858371,-0.151576,28.0,0.446287,-0.253937,,,
2028-08-09 00:00:00,800,2,,,,ADULT,2.23,1.7966,ALIVE,measured,,prediction,,,,22.3,0.78,21.496,23.103,18.59,15.8,21.38,25.75,0.858371,-0.151576,28.0,0.446287,-0.253937,,,
2028-08-16 00:00:00,807,1,,,,ADULT,2.1059,1.501,ALIVE,measured,,prediction,,,,21.059,0.78,20.292,21.815,18.67,15.87,21.48,24.25,0.858371,-0.151576,28.0,0.446287,-0.253937,,,
2028-08-16 00:00:00,807,2,,,,ADULT,2.2361,1.8121,ALIVE,measured,,prediction,,,,22.361,0.78,21.548,23.165,18.67,15.87,21.48,25.75,0.858371,-0.151576,28.0,0.446287,-0.253937,,,
2028-08-23 00:00:00,814,1,,,,ADULT,2.1107,1.5117,ALIVE,measured,,prediction,,,,21.107,0.79,20.341,21.874,18.75,15.94,21.57,24.25,0.858371,-0.151576,28.0,0.446287,-0.253937,,,
2028-08-23 00:00:00,814,2,,,,ADULT,2.2413,1.8253,ALIVE,measured,,prediction,,,,22.413,0.79,21.599,23.226,18.75,15.94,21.57,25.75,0.858371,-0.151576,28.0,0.446287,-0.253937,,,
2028-08-30 00:00:00,821,1,,,,ADULT,2.1156,1.5228,ALIVE,measured,,prediction,,,,21.156,0.79,20.389,21.932,18.83,16.01,21.66,24.25,0.858371,-0.151576,28.0,0.446287,-0.253937,,,
2028-08-30 00:00:00,821,2,,,,ADULT,2.2464,1.8384,ALIVE,measured,,prediction,,,,22.464,0.79,21.651,23.288,18.83,16.01,21.66,25.75,0.858371,-0.151576,28.0,0.446287,-0.253937,,,
2028-09-06 00:00:00,828,1,,,,ADULT,2.1204,1.5337,ALIVE,measured,,prediction,,,,21.204,0.8,20.438,21.98,18.91,16.07,21.75,24.25,0.858371,-0.151576,28.0,0.446287,-0.253937,,,
2028-09-06 00:00:00,828,2,,,,ADULT,2.2516,1.8518,ALIVE,measured,,prediction,,,,22.516,0.8,21.702,23.34,18.91,16.07,21.75,25.75,0.858371,-0.151576,28.0,0.446287,-0.253937,,,
2028-09-13 00:00:00,835,1,,,,ADULT,2.1262,1.5469,ALIVE,measured,,prediction,,,,21.262,0.8,20.477,22.038,18.99,16.14,21.84,24.25,0.858371,-0.151576,28.0,0.446287,-0.253937,,,
2028-09-13 00:00:00,835,2,,,,ADULT,2.2578,1.8679,ALIVE,measured,,prediction,,,,22.578,0.8,21.743,23.402,18.99,16.14,21.84,25.75,0.858371,-0.151576,28.0,0.446287,-0.253937,,,
2028-09-20 00:00:00,842,1,,,,ADULT,2.1311,1.5581,ALIVE,measured,,prediction,,,,21.311,0.81,20.525,22.087,19.06,16.2,21.92,24.25,0.858371,-0.151576,28.0,0.446287,-0.253937,,,
2028-09-20 00:00:00,842,2,,,,ADULT,2.2629,1.8812,ALIVE,measured,,prediction,,,,22.629,0.81,21.795,23.453,19.06,16.2,21.92,25.75,0.858371,-0.151576,28.0,0.446287,-0.253937,,,
2028-09-27 00:00:00,849,1,,,,ADULT,2.1359,1.5691,ALIVE,measured,,prediction,,,,21.359,0.81,20.564,22.145,19.14,16.27,22.01,24.25,0.858371,-0.151576,28.0,0.446287,-0.253937,,,
2028-09-27 00:00:00,849,2,,,,ADULT,2.2681,1.8948,ALIVE,measured,,prediction,,,,22.681,0.81,21.836,23.515,19.14,16.27,22.01,25.75,0.858371,-0.151576,28.0,0.446287,-0.253937,,,
2028-10-04 00:00:00,856,1,,,,ADULT,2.1398,1.5781,ALIVE,measured,,prediction,,,,21.398,0.82,20.612,22.194,19.22,16.33,22.1,24.25,0.858371,-0.151576,28.0,0.446287,-0.253937,,,
2028-10-04 00:00:00,856,2,,,,ADULT,2.2722,1.9055,ALIVE,measured,,prediction,,,,22.722,0.82,21.888,23.566,19.22,16.33,22.1,25.75,0.858371,-0.151576,28.0,0.446287,-0.253937,,,
2028-10-11 00:00:00,863,1,,,,ADULT,2.1447,1.5895,ALIVE,measured,,prediction,,,,21.447,0.82,20.651,22.242,19.29,16.4,22.18,24.25,0.858371,-0.151576,28.0,0.446287,-0.253937,,,
2028-10-11 00:00:00,863,2,,,,ADULT,2.2773,1.919,ALIVE,measured,,prediction,,,,22.773,0.82,21.929,23.618,19.29,16.4,22.18,25.75,0.858371,-0.151576,28.0,0.446287,-0.253937,,,
2028-10-18 00:00:00,870,1,,,,ADULT,2.1495,1.6007,ALIVE,measured,,prediction,,,,21.495,0.83,20.69,22.3,19.36,16.46,22.27,24.25,0.858371,-0.151576,28.0,0.446287,-0.253937,,,
2028-10-18 00:00:00,870,2,,,,ADULT,2.2825,1.9328,ALIVE,measured,,prediction,,,,22.825,0.83,21.97,23.68,19.36,16.46,22.27,25.75,0.858371,-0.151576,28.0,0.446287,-0.253937,,,
2028-10-25 00:00:00,877,1,,,,ADULT,2.1544,1.6122,ALIVE,measured,,prediction,,,,21.544,0.83,20.729,22.349,19.44,16.52,22.35,24.25,0.858371,-0.151576,28.0,0.446287,-0.253937,,,
2028-10-25 00:00:00,877,2,,,,ADULT,2.2876,1.9464,ALIVE,measured,,prediction,,,,22.876,0.83,22.011,23.731,19.44,16.52,22.35,25.75,0.858371,-0.151576,28.0,0.446287,-0.253937,,,
2028-11-01 00:00:00,884,1,,,,ADULT,2.1582,1.6212,ALIVE,measured,,prediction,,,,21.582,0.84,20.768,22.397,19.51,16.58,22.44,24.25,0.858371,-0.151576,28.0,0.446287,-0.253937,,,
2028-11-01 00:00:00,884,2,,,,ADULT,2.2918,1.9576,ALIVE,measured,,prediction,,,,22.918,0.84,22.052,23.783,19.51,16.58,22.44,25.75,0.858371,-0.151576,28.0,0.446287,-0.253937,,,
2028-11-08 00:00:00,891,1,,,,ADULT,2.1631,1.6327,ALIVE,measured,,prediction,,,,21.631,0.84,20.806,22.446,19.58,16.65,22.52,24.25,0.858371,-0.151576,28.0,0.446287,-0.253937,,,
2028-11-08 00:00:00,891,2,,,,ADULT,2.2969,1.9713,ALIVE,measured,,prediction,,,,22.969,0.84,22.094,23.834,19.58,16.65,22.52,25.75,0.858371,-0.151576,28.0,0.446287,-0.253937,,,
2028-11-15 00:00:00,898,1,,,,ADULT,2.167,1.642,ALIVE,measured,,prediction,,,,21.67,0.85,20.845,22.494,19.66,16.71,22.6,24.25,0.858371,-0.151576,28.0,0.446287,-0.253937,,,
2028-11-15 00:00:00,898,2,,,,ADULT,2.301,1.9824,ALIVE,measured,,prediction,,,,23.01,0.85,22.135,23.886,19.66,16.71,22.6,25.75,0.858371,-0.151576,28.0,0.446287,-0.253937,,,
2028-11-22 00:00:00,905,1,,,,ADULT,2.1709,1.6513,ALIVE,measured,,prediction,,,,21.709,0.85,20.884,22.533,19.73,16.77,22.69,24.25,0.858371,-0.151576,28.0,0.446287,-0.253937,,,
2028-11-22 00:00:00,905,2,,,,ADULT,2.3051,1.9935,ALIVE,measured,,prediction,,,,23.051,0.85,22.176,23.927,19.73,16.77,22.69,25.75,0.858371,-0.151576,28.0,0.446287,-0.253937,,,
2028-11-29 00:00:00,912,1,,,,ADULT,2.1757,1.6628,ALIVE,measured,,prediction,,,,21.757,0.86,20.923,22.582,19.8,16.83,22.77,24.25,0.858371,-0.151576,28.0,0.446287,-0.253937,,,
2028-11-29 00:00:00,912,2,,,,ADULT,2.3103,2.0077,ALIVE,measured,,prediction,,,,23.103,0.86,22.217,23.978,19.8,16.83,22.77,25.75,0.858371,-0.151576,28.0,0.446287,-0.253937,,,
2028-12-06 00:00:00,919,1,,,,ADULT,2.1796,1.6722,ALIVE,measured,,prediction,,,,21.796,0.86,20.962,22.63,19.87,16.89,22.85,24.25,0.858371,-0.151576,28.0,0.446287,-0.253937,,,
2028-12-06 00:00:00,919,2,,,,ADULT,2.3144,2.0189,ALIVE,measured,,prediction,,,,23.144,0.86,22.258,24.03,19.87,16.89,22.85,25.75,0.858371,-0.151576,28.0,0.446287,-0.253937,,,
2028-12-13 00:00:00,926,1,,,,ADULT,2.1835,1.6816,ALIVE,measured,,prediction,,,,21.835,0.87,20.991,22.669,19.94,16.95,22.93,24.25,0.858371,-0.151576,28.0,0.446287,-0.253937,,,
2028-12-13 00:00:00,926,2,,,,ADULT,2.3185,2.0301,ALIVE,measured,,prediction,,,,23.185,0.87,22.289,24.071,19.94,16.95,22.93,25.75,0.858371,-0.151576,28.0,0.446287,-0.253937,,,
2028-12-20 00:00:00,933,1,,,,ADULT,2.1874,1.691,ALIVE,measured,,prediction,,,,21.874,0.87,21.03,22.717,20.0,17.0,23.01,24.25,0.858371,-0.151576,28.0,0.446287,-0.253937,,,
2028-12-20 00:00:00,933,2,,,,ADULT,2.3226,2.0414,ALIVE,measured,,prediction,,,,23.226,0.87,22.33,24.123,20.0,17.0,23.01,25.75,0.858371,-0.151576,28.0,0.446287,-0.253937,,,
2028-12-27 00:00:00,940,1,,,,ADULT,2.1912,1.7003,ALIVE,measured,,prediction,,,,21.912,0.87,21.068,22.756,20.07,17.06,23.08,24.25,0.858371,-0.151576,28.0,0.446287,-0.253937,,,
2028-12-27 00:00:00,940,2,,,,ADULT,2.3268,2.053,ALIVE,measured,,prediction,,,,23.268,0.87,22.372,24.164,20.07,17.06,23.08,25.75,0.858371,-0.151576,28.0,0.446287,-0.253937,,,
2029-01-03 00:00:00,947,1,,,,ADULT,2.1951,1.7098,ALIVE,measured,,prediction,,,,21.951,0.88,21.098,22.805,20.14,17.12,23.16,24.25,0.858371,-0.151576,28.0,0.446287,-0.253937,,,
2029-01-03 00:00:00,947,2,,,,ADULT,2.3309,2.0644,ALIVE,measured,,prediction,,,,23.309,0.88,22.402,24.215,20.14,17.12,23.16,25.75,0.858371,-0.151576,28.0,0.446287,-0.253937,,,
2029-01-10 00:00:00,954,1,,,,ADULT,2.199,1.7193,ALIVE,measured,,prediction,,,,21.99,0.88,21.127,22.844,20.21,17.18,23.24,24.25,0.858371,-0.151576,28.0,0.446287,-0.253937,,,
2029-01-10 00:00:00,954,2,,,,ADULT,2.335,2.0759,ALIVE,measured,,prediction,,,,23.35,0.88,22.433,24.257,20.21,17.18,23.24,25.75,0.858371,-0.151576,28.0,0.446287,-0.253937,,,
2029-01-17 00:00:00,961,1,,,,ADULT,2.2029,1.7289,ALIVE,measured,,prediction,,,,22.029,0.89,21.165,22.892,20.27,17.23,23.31,24.25,0.858371,-0.151576,28.0,0.446287,-0.253937,,,
2029-01-17 00:00:00,961,2,,,,ADULT,2.3391,2.0873,ALIVE,measured,,prediction,,,,23.391,0.89,22.475,24.308,20.27,17.23,23.31,25.75,0.858371,-0.151576,28.0,0.446287,-0.253937,,,
2029-01-24 00:00:00,968,1,,,,ADULT,2.2058,1.7361,ALIVE,measured,,prediction,,,,22.058,0.89,21.194,22.931,20.34,17.29,23.39,24.25,0.858371,-0.151576,28.0,0.446287,-0.253937,,,
2029-01-24 00:00:00,968,2,,,,ADULT,2.3422,2.096,ALIVE,measured,,prediction,,,,23.422,0.89,22.506,24.349,20.34,17.29,23.39,25.75,0.858371,-0.151576,28.0,0.446287,-0.253937,,,
2029-01-31 00:00:00,975,1,,,,ADULT,2.2097,1.7458,ALIVE,measured,,prediction,,,,22.097,0.9,21.224,22.97,20.4,17.34,23.47,24.25,0.858371,-0.151576,28.0,0.446287,-0.253937,,,
2029-01-31 00:00:00,975,2,,,,ADULT,2.3463,2.1076,ALIVE,measured,,prediction,,,,23.463,0.9,22.536,24.39,20.4,17.34,23.47,25.75,0.858371,-0.151576,28.0,0.446287,-0.253937,,,
2029-02-07 00:00:00,982,1,,,,ADULT,2.2135,1.7552,ALIVE,measured,,prediction,,,,22.135,0.9,21.253,23.008,20.47,17.4,23.54,24.25,0.858371,-0.151576,28.0,0.446287,-0.253937,,,
2029-02-07 00:00:00,982,2,,,,ADULT,2.3505,2.1194,ALIVE,measured,,prediction,,,,23.505,0.9,22.567,24.432,20.47,17.4,23.54,25.75,0.858371,-0.151576,28.0,0.446287,-0.253937,,,
2029-02-14 00:00:00,989,1,,,,ADULT,2.2164,1.7624,ALIVE,measured,,prediction,,,,22.164,0.91,21.282,23.047,20.53,17.45,23.61,24.25,0.858371,-0.151576,28.0,0.446287,-0.253937,,,
2029-02-14 00:00:00,989,2,,,,ADULT,2.3536,2.1282,ALIVE,measured,,prediction,,,,23.536,0.91,22.598,24.473,20.53,17.45,23.61,25.75,0.858371,-0.151576,28.0,0.446287,-0.253937,,,
2029-02-21 00:00:00,996,1,,,,ADULT,2.2203,1.7722,ALIVE,measured,,prediction,,,,22.203,0.91,21.311,23.086,20.6,17.51,23.69,24.25,0.858371,-0.151576,28.0,0.446287,-0.253937,,,
2029-02-21 00:00:00,996,2,,,,ADULT,2.3577,2.1399,ALIVE,measured,,prediction,,,,23.577,0.91,22.629,24.514,20.6,17.51,23.69,25.75,0.858371,-0.151576,28.0,0.446287,-0.253937,,,
2029-02-28 00:00:00,1003,1,,,,ADULT,2.2232,1.7795,ALIVE,measured,,prediction,,,,22.232,0.92,21.34,23.125,20.66,17.56,23.76,24.25,0.858371,-0.151576,28.0,0.446287,-0.253937,,,
2029-02-28 00:00:00,1003,2,,,,ADULT,2.3608,2.1487,ALIVE,measured,,prediction,,,,23.608,0.92,22.66,24.555,20.66,17.56,23.76,25.75,0.858371,-0.151576,28.0,0.446287,-0.253937,,,
2029-03-07 00:00:00,1010,1,,,,ADULT,2.2271,1.7893,ALIVE,measured,,prediction,,,,22.271,0.92,21.369,23.164,20.72,17.61,23.83,24.25,0.858371,-0.151576,28.0,0.446287,-0.253937,,,
2029-03-07 00:00:00,1010,2,,,,ADULT,2.3649,2.1605,ALIVE,measured,,prediction,,,,23.649,0.92,22.691,24.596,20.72,17.61,23.83,25.75,0.858371,-0.151576,28.0,0.446287,-0.253937,,,
2029-03-14 00:00:00,1017,1,,,,ADULT,2.23,1.7966,ALIVE,measured,,prediction,,,,22.3,0.93,21.398,23.202,20.78,17.67,23.9,24.25,0.858371,-0.151576,28.0,0.446287,-0.253937,,,
2029-03-14 00:00:00,1017,2,,,,ADULT,2.368,2.1694,ALIVE,measured,,prediction,,,,23.68,0.93,22.722,24.638,20.78,17.67,23.9,25.75,0.858371,-0.151576,28.0,0.446287,-0.253937,,,
2029-03-21 00:00:00,1024,1,,,,ADULT,2.2329,1.804,ALIVE,measured,,prediction,,,,22.329,0.93,21.427,23.231,20.85,17.72,23.97,24.25,0.858371,-0.151576,28.0,0.446287,-0.253937,,,
2029-03-21 00:00:00,1024,2,,,,ADULT,2.3711,2.1783,ALIVE,measured,,prediction,,,,23.711,0.93,22.753,24.668,20.85,17.72,23.97,25.75,0.858371,-0.151576,28.0,0.446287,-0.253937,,,
2029-03-28 00:00:00,1031,1,,,,ADULT,2.2358,1.8113,ALIVE,measured,,prediction,,,,22.358,0.94,21.456,23.27,20.91,17.77,24.04,24.25,0.858371,-0.151576,28.0,0.446287,-0.253937,,,
2029-03-28 00:00:00,1031,2,,,,ADULT,2.3742,2.1873,ALIVE,measured,,prediction,,,,23.742,0.94,22.784,24.71,20.91,17.77,24.04,25.75,0.858371,-0.151576,28.0,0.446287,-0.253937,,,
2029-04-04 00:00:00,1038,1,,,,ADULT,2.2397,1.8213,ALIVE,measured,,prediction,,,,22.397,0.94,21.476,23.309,20.97,17.82,24.11,24.25,0.858371,-0.151576,28.0,0.446287,-0.253937,,,
2029-04-04 00:00:00,1038,2,,,,ADULT,2.3783,2.1991,ALIVE,measured,,prediction,,,,23.783,0.94,22.804,24.751,20.97,17.82,24.11,25.75,0.858371,-0.151576,28.0,0.446287,-0.253937,,,
2029-04-11 00:00:00,1045,1,,,,ADULT,2.2426,1.8287,ALIVE,measured,,prediction,,,,22.426,0.95,21.505,23.338,21.03,17.87,24.18,24.25,0.858371,-0.151576,28.0,0.446287,-0.253937,,,
2029-04-11 00:00:00,1045,2,,,,ADULT,2.3814,2.2082,ALIVE,measured,,prediction,,,,23.814,0.95,22.835,24.782,21.03,17.87,24.18,25.75,0.858371,-0.151576,28.0,0.446287,-0.253937,,,
2029-04-18 00:00:00,1052,1,,,,ADULT,2.2455,1.8361,ALIVE,measured,,prediction,,,,22.455,0.95,21.534,23.377,21.09,17.92,24.25,24.25,0.858371,-0.151576,28.0,0.446287,-0.253937,,,
2029-04-18 00:00:00,1052,2,,,,ADULT,2.3844,2.2169,ALIVE,measured,,prediction,,,,23.844,0.95,22.866,24.823,21.09,17.92,24.25,25.75,0.858371,-0.151576,28.0,0.446287,-0.253937,,,
2029-04-25 00:00:00,1059,1,,,,ADULT,2.2485,1.8438,ALIVE,measured,,prediction,,,,22.485,0.96,21.553,23.406,21.15,17.97,24.32,24.25,0.858371,-0.151576,28.0,0.446287,-0.253937,,,
2029-04-25 00:00:00,1059,2,,,,ADULT,2.3875,2.226,ALIVE,measured,,prediction,,,,23.875,0.96,22.887,24.854,21.15,17.97,24.32,25.75,0.858371,-0.151576,28.0,0.446287,-0.253937,,,
2029-05-02 00:00:00,1066,1,,,,ADULT,2.2514,1.8513,ALIVE,measured,,prediction,,,,22.514,0.96,21.582,23.445,21.2,18.02,24.38,24.25,0.858371,-0.151576,28.0,0.446287,-0.253937,,,
2029-05-02 00:00:00,1066,2,,,,ADULT,2.3906,2.235,ALIVE,measured,,prediction,,,,23.906,0.96,22.918,24.895,21.2,18.02,24.38,25.75,0.858371,-0.151576,28.0,0.446287,-0.253937,,,
2029-05-09 00:00:00,1073,1,,,,ADULT,2.2543,1.8588,ALIVE,measured,,prediction,,,,22.543,0.97,21.602,23.474,21.26,18.07,24.45,24.25,0.858371,-0.151576,28.0,0.446287,-0.253937,,,
2029-05-09 00:00:00,1073,2,,,,ADULT,2.3937,2.2442,ALIVE,measured,,prediction,,,,23.937,0.97,22.938,24.926,21.26,18.07,24.45,25.75,0.858371,-0.151576,28.0,0.446287,-0.253937,,,
2029-05-16 00:00:00,1080,1,,,,ADULT,2.2572,1.8663,ALIVE,measured,,prediction,,,,22.572,0.97,21.621,23.513,21.32,18.12,24.52,24.25,0.858371,-0.151576,28.0,0.446287,-0.253937,,,
2029-05-16 00:00:00,1080,2,,,,ADULT,2.3968,2.2533,ALIVE,measured,,prediction,,,,23.968,0.97,22.959,24.967,21.32,18.12,24.52,25.75,0.858371,-0.151576,28.0,0.446287,-0.253937,,,
2029-05-23 00:00:00,1087,1,,,,ADULT,2.2591,1.8713,ALIVE,measured,,prediction,,,,22.591,0.98,21.65,23.542,21.38,18.17,24.58,24.25,0.858371,-0.151576,28.0,0.446287,-0.253937,,,
2029-05-23 00:00:00,1087,2,,,,ADULT,2.3989,2.2595,ALIVE,measured,,prediction,,,,23.989,0.98,22.99,24.998,21.38,18.17,24.58,25.75,0.858371,-0.151576,28.0,0.446287,-0.253937,,,
2029-05-30 00:00:00,1094,1,,,,ADULT,2.262,1.8788,ALIVE,measured,,prediction,,,,22.62,0.98,21.67,23.571,21.43,18.22,24.65,24.25,0.858371,-0.151576,28.0,0.446287,-0.253937,,,
2029-05-30 00:00:00,1094,2,,,,ADULT,2.402,2.2687,ALIVE,measured,,prediction,,,,24.02,0.98,23.01,25.029,21.43,18.22,24.65,25.75,0.858371,-0.151576,28.0,0.446287,-0.253937,,,
2029-06-06 00:00:00,1101,1,,,,ADULT,2.265,1.8866,ALIVE,measured,,prediction,,,,22.65,0.99,21.689,23.6,21.49,18.27,24.71,24.25,0.858371,-0.151576,28.0,0.446287,-0.253937,,,
2029-06-06 00:00:00,1101,2,,,,ADULT,2.4051,2.2779,ALIVE,measured,,prediction,,,,24.051,0.99,23.031,25.06,21.49,18.27,24.71,25.75,0.858371,-0.151576,28.0,0.446287,-0.253937,,,
2029-06-13 00:00:00,1108,1,,,,ADULT,2.2679,1.8942,ALIVE,measured,,prediction,,,,22.679,0.99,21.718,23.639,21.54,18.31,24.78,24.25,0.858371,-0.151576,28.0,0.446287,-0.253937,,,
2029-06-13 00:00:00,1108,2,,,,ADULT,2.4081,2.2868,ALIVE,measured,,prediction,,,,24.081,0.99,23.062,25.101,21.54,18.31,24.78,25.75,0.858371,-0.151576,28.0,0.446287,-0.253937,,,
2029-06-20 00:00:00,1115,1,,,,ADULT,2.2698,1.8992,ALIVE,measured,,prediction,,,,22.698,0.99,21.738,23.668,21.6,18.36,24.84,24.25,0.858371,-0.151576,28.0,0.446287,-0.253937,,,
2029-06-20 00:00:00,1115,2,,,,ADULT,2.4102,2.2931,ALIVE,measured,,prediction,,,,24.102,0.99,23.082,25.132,21.6,18.36,24.84,25.75,0.858371,-0.151576,28.0,0.446287,-0.253937,,,
2029-06-27 00:00:00,1122,1,,,,ADULT,2.2727,1.9069,ALIVE,measured,,prediction,,,,22.727,1.0,21.757,23.697,21.65,18.41,24.9,24.25,0.858371,-0.151576,28.0,0.446287,-0.253937,,,
2029-06-27 00:00:00,1122,2,,,,ADULT,2.4133,2.3024,ALIVE,measured,,prediction,,,,24.133,1.0,23.103,25.163,21.65,18.41,24.9,25.75,0.858371,-0.151576,28.0,0.446287,-0.253937,,,
2029-07-04 00:00:00,1129,1,,,,ADULT,2.2746,1.9119,ALIVE,measured,,prediction,,,,22.746,1.0,21.776,23.726,21.71,18.45,24.96,24.25,0.858371,-0.151576,28.0,0.446287,-0.253937,,,
2029-07-04 00:00:00,1129,2,,,,ADULT,2.4154,2.3087,ALIVE,measured,,prediction,,,,24.154,1.0,23.124,25.194,21.71,18.45,24.96,25.75,0.858371,-0.151576,28.0,0.446287,-0.253937,,,
2029-07-11 00:00:00,1136,1,,,,ADULT,2.2776,1.9198,ALIVE,measured,,prediction,,,,22.776,1.01,21.796,23.755,21.76,18.5,25.03,24.25,0.858371,-0.151576,28.0,0.446287,-0.253937,,,
2029-07-11 00:00:00,1136,2,,,,ADULT,2.4184,2.3177,ALIVE,measured,,prediction,,,,24.184,1.01,23.144,25.225,21.76,18.5,25.03,25.75,0.858371,-0.151576,28.0,0.446287,-0.253937,,,
2029-07-18 00:00:00,1143,1,,,,ADULT,2.2795,1.9248,ALIVE,measured,,prediction,,,,22.795,1.01,21.815,23.784,21.81,18.54,25.09,24.25,0.858371,-0.151576,28.0,0.446287,-0.253937,,,
2029-07-18 00:00:00,1143,2,,,,ADULT,2.4205,2.324,ALIVE,measured,,prediction,,,,24.205,1.01,23.165,25.256,21.81,18.54,25.09,25.75,0.858371,-0.151576,28.0,0.446287,-0.253937,,,
2029-07-25 00:00:00,1150,1,,,,ADULT,2.2824,1.9325,ALIVE,measured,,prediction,,,,22.824,1.02,21.835,23.814,21.87,18.59,25.15,24.25,0.858371,-0.151576,28.0,0.446287,-0.253937,,,
2029-07-25 00:00:00,1150,2,,,,ADULT,2.4236,2.3334,ALIVE,measured,,prediction,,,,24.236,1.02,23.185,25.286,21.87,18.59,25.15,25.75,0.858371,-0.151576,28.0,0.446287,-0.253937,,,
2029-08-01 00:00:00,1157,1,,,,ADULT,2.2844,1.9378,ALIVE,measured,,prediction,,,,22.844,1.02,21.854,23.843,21.92,18.63,25.21,24.25,0.858371,-0.151576,28.0,0.446287,-0.253937,,,
2029-08-01 00:00:00,1157,2,,,,ADULT,2.4257,2.3397,ALIVE,measured,,prediction,,,,24.257,1.02,23.206,25.317,21.92,18.63,25.21,25.75,0.858371,-0.151576,28.0,0.446287,-0.253937,,,
2029-08-08 00:00:00,1164,1,,,,ADULT,2.2873,1.9456,ALIVE,measured,,prediction,,,,22.873,1.03,21.874,23.862,21.97,18.68,25.27,24.25,0.858371,-0.151576,28.0,0.446287,-0.253937,,,
2029-08-08 00:00:00,1164,2,,,,ADULT,2.4287,2.3488,ALIVE,measured,,prediction,,,,24.287,1.03,23.226,25.338,21.97,18.68,25.27,25.75,0.858371,-0.151576,28.0,0.446287,-0.253937,,,
2029-08-15 00:00:00,1171,1,,,,ADULT,2.2892,1.9507,ALIVE,measured,,prediction,,,,22.892,1.03,21.893,23.891,22.02,18.72,25.33,24.25,0.858371,-0.151576,28.0,0.446287,-0.253937,,,
2029-08-15 00:00:00,1171,2,,,,ADULT,2.4308,2.3552,ALIVE,measured,,prediction,,,,24.308,1.03,23.247,25.369,22.02,18.72,25.33,25.75,0.858371,-0.151576,28.0,0.446287,-0.253937,,,
2029-08-22 00:00:00,1178,1,,,,ADULT,2.2911,1.9558,ALIVE,measured,,prediction,,,,22.911,1.04,21.903,23.92,22.07,18.76,25.38,24.25,0.858371,-0.151576,28.0,0.446287,-0.253937,,,
2029-08-22 00:00:00,1178,2,,,,ADULT,2.4329,2.3616,ALIVE,measured,,prediction,,,,24.329,1.04,23.257,25.4,22.07,18.76,25.38,25.75,0.858371,-0.151576,28.0,0.446287,-0.253937,,,
2029-08-29 00:00:00,1185,1,,,,ADULT,2.2931,1.9611,ALIVE,measured,,prediction,,,,22.931,1.04,21.922,23.949,22.12,18.81,25.44,24.25,0.858371,-0.151576,28.0,0.446287,-0.253937,,,
2029-08-29 00:00:00,1185,2,,,,ADULT,2.4349,2.3677,ALIVE,measured,,prediction,,,,24.349,1.04,23.278,25.431,22.12,18.81,25.44,25.75,0.858371,-0.151576,28.0,0.446287,-0.253937,,,
2029-09-05 00:00:00,1192,1,,,,ADULT,2.296,1.9689,ALIVE,measured,,prediction,,,,22.96,1.05,21.941,23.969,22.17,18.85,25.5,24.25,0.858371,-0.151576,28.0,0.446287,-0.253937,,,
2029-09-05 00:00:00,1192,2,,,,ADULT,2.438,2.3772,ALIVE,measured,,prediction,,,,24.38,1.05,23.299,25.451,22.17,18.85,25.5,25.75,0.858371,-0.151576,28.0,0.446287,-0.253937,,,
2029-09-12 00:00:00,1199,1,,,,ADULT,2.2979,1.974,ALIVE,measured,,prediction,,,,22.979,1.05,21.961,23.998,22.22,18.89,25.56,24.25,0.858371,-0.151576,28.0,0.446287,-0.253937,,,
2029-09-12 00:00:00,1199,2,,,,ADULT,2.4401,2.3836,ALIVE,measured,,prediction,,,,24.401,1.05,23.319,25.482,22.22,18.89,25.56,25.75,0.858371,-0.151576,28.0,0.446287,-0.253937,,,
2029-09-19 00:00:00,1206,1,,,,ADULT,2.2999,1.9794,ALIVE,measured,,prediction,,,,22.999,1.06,21.97,24.027,22.27,18.93,25.61,24.25,0.858371,-0.151576,28.0,0.446287,-0.253937,,,
2029-09-19 00:00:00,1206,2,,,,ADULT,2.4421,2.3898,ALIVE,measured,,prediction,,,,24.421,1.06,23.33,25.513,22.27,18.93,25.61,25.75,0.858371,-0.151576,28.0,0.446287,-0.253937,,,
2029-09-26 00:00:00,1213,1,,,,ADULT,2.3018,1.9846,ALIVE,measured,,prediction,,,,23.018,1.06,21.99,24.046,22.32,18.97,25.67,24.25,0.858371,-0.151576,28.0,0.446287,-0.253937,,,
2029-09-26 00:00:00,1213,2,,,,ADULT,2.4442,2.3962,ALIVE,measured,,prediction,,,,24.442,1.06,23.35,25.534,22.32,18.97,25.67,25.75,0.858371,-0.151576,28.0,0.446287,-0.253937,,,
2029-10-03 00:00:00,1220,1,,,,ADULT,2.3037,1.9897,ALIVE,measured,,prediction,,,,23.037,1.07,22.009,24.075,22.37,19.01,25.73,24.25,0.858371,-0.151576,28.0,0.446287,-0.253937,,,
2029-10-03 00:00:00,1220,2,,,,ADULT,2.4463,2.4027,ALIVE,measured,,prediction,,,,24.463,1.07,23.371,25.565,22.37,19.01,25.73,25.75,0.858371,-0.151576,28.0,0.446287,-0.253937,,,
2029-10-10 00:00:00,1227,1,,,,ADULT,2.3057,1.9952,ALIVE,measured,,prediction,,,,23.057,1.07,22.019,24.095,22.42,19.05,25.78,24.25,0.858371,-0.151576,28.0,0.446287,-0.253937,,,
2029-10-10 00:00:00,1227,2,,,,ADULT,2.4483,2.4089,ALIVE,measured,,prediction,,,,24.483,1.07,23.381,25.585,22.42,19.05,25.78,25.75,0.858371,-0.151576,28.0,0.446287,-0.253937,,,
2029-10-17 00:00:00,1234,1,,,,ADULT,2.3076,2.0003,ALIVE,measured,,prediction,,,,23.076,1.08,22.038,24.124,22.47,19.1,25.83,24.25,0.858371,-0.151576,28.0,0.446287,-0.253937,,,
2029-10-17 00:00:00,1234,2,,,,ADULT,2.4504,2.4153,ALIVE,measured,,prediction,,,,24.504,1.08,23.402,25.616,22.47,19.1,25.83,25.75,0.858371,-0.151576,28.0,0.446287,-0.253937,,,
2029-10-24 00:00:00,1241,1,,,,ADULT,2.3096,2.0058,ALIVE,measured,,prediction,,,,23.096,1.08,22.048,24.143,22.51,19.14,25.89,24.25,0.858371,-0.151576,28.0,0.446287,-0.253937,,,
2029-10-24 00:00:00,1241,2,,,,ADULT,2.4524,2.4215,ALIVE,measured,,prediction,,,,24.524,1.08,23.412,25.637,22.51,19.14,25.89,25.75,0.858371,-0.151576,28.0,0.446287,-0.253937,,,
2029-10-31 00:00:00,1248,1,,,,ADULT,2.3115,2.011,ALIVE,measured,,prediction,,,,23.115,1.09,22.068,24.172,22.56,19.18,25.94,24.25,0.858371,-0.151576,28.0,0.446287,-0.253937,,,
2029-10-31 00:00:00,1248,2,,,,ADULT,2.4545,2.4281,ALIVE,measured,,prediction,,,,24.545,1.09,23.432,25.668,22.56,19.18,25.94,25.75,0.858371,-0.151576,28.0,0.446287,-0.253937,,,
2029-11-07 00:00:00,1255,1,,,,ADULT,2.3134,2.0161,ALIVE,measured,,prediction,,,,23.134,1.09,22.077,24.192,22.61,19.21,26.0,24.25,0.858371,-0.151576,28.0,0.446287,-0.253937,,,
2029-11-07 00:00:00,1255,2,,,,ADULT,2.4566,2.4346,ALIVE,measured,,prediction,,,,24.566,1.09,23.443,25.688,22.61,19.21,26.0,25.75,0.858371,-0.151576,28.0,0.446287,-0.253937,,,
2029-11-14 00:00:00,1262,1,,,,ADULT,2.3154,2.0216,ALIVE,measured,,prediction,,,,23.154,1.1,22.087,24.211,22.65,19.25,26.05,24.25,0.858371,-0.151576,28.0,0.446287,-0.253937,,,
2029-11-14 00:00:00,1262,2,,,,ADULT,2.4586,2.4408,ALIVE,measured,,prediction,,,,24.586,1.1,23.453,25.709,22.65,19.25,26.05,25.75,0.858371,-0.151576,28.0,0.446287,-0.253937,,,
2029-11-21 00:00:00,1269,1,,,,ADULT,2.3173,2.0268,ALIVE,measured,,prediction,,,,23.173,1.1,22.106,24.24,22.7,19.29,26.1,24.25,0.858371,-0.151576,28.0,0.446287,-0.253937,,,
2029-11-21 00:00:00,1269,2,,,,ADULT,2.4607,2.4474,ALIVE,measured,,prediction,,,,24.607,1.1,23.474,25.74,22.7,19.29,26.1,25.75,0.858371,-0.151576,28.0,0.446287,-0.253937,,,
2029-11-28 00:00:00,1276,1,,,,ADULT,2.3193,2.0323,ALIVE,measured,,prediction,,,,23.193,1.1,22.116,24.26,22.74,19.33,26.15,24.25,0.858371,-0.151576,28.0,0.446287,-0.253937,,,
2029-11-28 00:00:00,1276,2,,,,ADULT,2.4627,2.4536,ALIVE,measured,,prediction,,,,24.627,1.1,23.484,25.76,22.74,19.33,26.15,25.75,0.858371,-0.151576,28.0,0.446287,-0.253937,,,
2029-12-05 00:00:00,1283,1,,,,ADULT,2.3202,2.0348,ALIVE,measured,,prediction,,,,23.202,1.11,22.126,24.279,22.79,19.37,26.2,24.25,0.858371,-0.151576,28.0,0.446287,-0.253937,,,
2029-12-05 00:00:00,1283,2,,,,ADULT,2.4638,2.4571,ALIVE,measured,,prediction,,,,24.638,1.11,23.494,25.781,22.79,19.37,26.2,25.75,0.858371,-0.151576,28.0,0.446287,-0.253937,,,
2029-12-12 00:00:00,1290,1,,,,ADULT,2.3222,2.0403,ALIVE,measured,,prediction,,,,23.222,1.11,22.145,24.308,22.83,19.41,26.26,24.25,0.858371,-0.151576,28.0,0.446287,-0.253937,,,
2029-12-12 00:00:00,1290,2,,,,ADULT,2.4658,2.4633,ALIVE,measured,,prediction,,,,24.658,1.11,23.515,25.812,22.83,19.41,26.26,25.75,0.858371,-0.151576,28.0,0.446287,-0.253937,,,
2029-12-19 00:00:00,1297,1,,,,ADULT,2.3241,2.0456,ALIVE,measured,,prediction,,,,23.241,1.12,22.155,24.328,22.88,19.44,26.31,24.25,0.858371,-0.151576,28.0,0.446287,-0.253937,,,
2029-12-19 00:00:00,1297,2,,,,ADULT,2.4679,2.4699,ALIVE,measured,,prediction,,,,24.679,1.12,23.525,25.832,22.88,19.44,26.31,25.75,0.858371,-0.151576,28.0,0.446287,-0.253937,,,
2029-12-26 00:00:00,1304,1,,,,ADULT,2.3261,2.0511,ALIVE,measured,,prediction,,,,23.261,1.12,22.164,24.347,22.92,19.48,26.36,24.25,0.858371,-0.151576,28.0,0.446287,-0.253937,,,
2029-12-26 00:00:00,1304,2,,,,ADULT,2.4699,2.4762,ALIVE,measured,,prediction,,,,24.699,1.12,23.536,25.853,22.92,19.48,26.36,25.75,0.858371,-0.151576,28.0,0.446287,-0.253937,,,
2030-01-02 00:00:00,1311,1,,,,ADULT,2.327,2.0536,ALIVE,measured,,prediction,,,,23.27,1.13,22.174,24.366,22.96,19.52,26.41,24.25,0.858371,-0.151576,28.0,0.446287,-0.253937,,,
2030-01-02 00:00:00,1311,2,,,,ADULT,2.471,2.4797,ALIVE,measured,,prediction,,,,24.71,1.13,23.546,25.874,22.96,19.52,26.41,25.75,0.858371,-0.151576,28.0,0.446287,-0.253937,,,
2030-01-09 00:00:00,1318,1,,,,ADULT,2.329,2.0591,ALIVE,measured,,prediction,,,,23.29,1.13,22.184,24.386,23.01,19.55,26.46,24.25,0.858371,-0.151576,28.0,0.446287,-0.253937,,,
2030-01-09 00:00:00,1318,2,,,,ADULT,2.473,2.486,ALIVE,measured,,prediction,,,,24.73,1.13,23.556,25.894,23.01,19.55,26.46,25.75,0.858371,-0.151576,28.0,0.446287,-0.253937,,,
2030-01-16 00:00:00,1325,1,,,,ADULT,2.3299,2.0616,ALIVE,measured,,prediction,,,,23.299,1.14,22.203,24.405,23.05,19.59,26.5,24.25,0.858371,-0.151576,28.0,0.446287,-0.253937,,,
2030-01-16 00:00:00,1325,2,,,,ADULT,2.4741,2.4895,ALIVE,measured,,prediction,,,,24.741,1.14,23.577,25.915,23.05,19.59,26.5,25.75,0.858371,-0.151576,28.0,0.446287,-0.253937,,,
2030-01-23 00:00:00,1332,1,,,,ADULT,2.3319,2.0672,ALIVE,measured,,prediction,,,,23.319,1.14,22.213,24.425,23.09,19.63,26.55,24.25,0.858371,-0.151576,28.0,0.446287,-0.253937,,,
2030-01-23 00:00:00,1332,2,,,,ADULT,2.4761,2.4958,ALIVE,measured,,prediction,,,,24.761,1.14,23.587,25.935,23.09,19.63,26.55,25.75,0.858371,-0.151576,28.0,0.446287,-0.253937,,,
2030-01-30 00:00:00,1339,1,,,,ADULT,2.3338,2.0725,ALIVE,measured,,prediction,,,,23.338,1.15,22.223,24.444,23.13,19.66,26.6,24.25,0.858371,-0.151576,28.0,0.446287,-0.253937,,,
2030-01-30 00:00:00,1339,2,,,,ADULT,2.4782,2.5024,ALIVE,measured,,prediction,,,,24.782,1.15,23.597,25.956,23.13,19.66,26.6,25.75,0.858371,-0.151576,28.0,0.446287,-0.253937,,,
2030-02-06 00:00:00,1346,1,,,,ADULT,2.3348,2.0753,ALIVE,measured,,prediction,,,,23.348,1.15,22.232,24.463,23.17,19.7,26.65,24.25,0.858371,-0.151576,28.0,0.446287,-0.253937,,,
2030-02-06 00:00:00,1346,2,,,,ADULT,2.4792,2.5056,ALIVE,measured,,prediction,,,,24.792,1.15,23.608,25.977,23.17,19.7,26.65,25.75,0.858371,-0.151576,28.0,0.446287,-0.253937,,,
2030-02-13 00:00:00,1353,1,,,,ADULT,2.3367,2.0806,ALIVE,measured,,prediction,,,,23.367,1.16,22.242,24.483,23.21,19.73,26.7,24.25,0.858371,-0.151576,28.0,0.446287,-0.253937,,,
2030-02-13 00:00:00,1353,2,,,,ADULT,2.4813,2.5123,ALIVE,measured,,prediction,,,,24.813,1.16,23.618,25.997,23.21,19.73,26.7,25.75,0.858371,-0.151576,28.0,0.446287,-0.253937,,,
2030-02-20 00:00:00,1360,1,,,,ADULT,2.3377,2.0834,ALIVE,measured,,prediction,,,,23.377,1.16,22.252,24.502,23.25,19.77,26.74,24.25,0.858371,-0.151576,28.0,0.446287,-0.253937,,,
2030-02-20 00:00:00,1360,2,,,,ADULT,2.4823,2.5155,ALIVE,measured,,prediction,,,,24.823,1.16,23.628,26.018,23.25,19.77,26.74,25.75,0.858371,-0.151576,28.0,0.446287,-0.253937,,,
2030-02-27 00:00:00,1367,1,,,,ADULT,2.3396,2.0887,ALIVE,measured,,prediction,,,,23.396,1.17,22.261,24.522,23.3,19.8,26.79,24.25,0.858371,-0.151576,28.0,0.446287,-0.253937,,,
2030-02-27 00:00:00,1367,2,,,,ADULT,2.4844,2.5222,ALIVE,measured,,prediction,,,,24.844,1.17,23.638,26.038,23.3,19.8,26.79,25.75,0.858371,-0.151576,28.0,0.446287,-0.253937,,,
2030-03-06 00:00:00,1374,1,,,,ADULT,2.3406,2.0915,ALIVE,measured,,prediction,,,,23.406,1.17,22.271,24.541,23.34,19.84,26.84,24.25,0.858371,-0.151576,28.0,0.446287,-0.253937,,,
2030-03-06 00:00:00,1374,2,,,,ADULT,2.4854,2.5253,ALIVE,measured,,prediction,,,,24.854,1.17,23.649,26.059,23.34,19.84,26.84,25.75,0.858371,-0.151576,28.0,0.446287,-0.253937,,,
2030-03-13 00:00:00,1381,1,,,,ADULT,2.3426,2.0971,ALIVE,measured,,prediction,,,,23.426,1.18,22.281,24.56,23.38,19.87,26.88,24.25,0.858371,-0.151576,28.0,0.446287,-0.253937,,,
2030-03-13 00:00:00,1381,2,,,,ADULT,2.4874,2.5317,ALIVE,measured,,prediction,,,,24.874,1.18,23.659,26.08,23.38,19.87,26.88,25.75,0.858371,-0.151576,28.0,0.446287,-0.253937,,,
2030-03-20 00:00:00,1388,1,,,,ADULT,2.3435,2.0997,ALIVE,measured,,prediction,,,,23.435,1.18,22.291,24.58,23.41,19.9,26.93,24.25,0.858371,-0.151576,28.0,0.446287,-0.253937,,,
2030-03-20 00:00:00,1388,2,,,,ADULT,2.4885,2.5352,ALIVE,measured,,prediction,,,,24.885,1.18,23.669,26.1,23.41,19.9,26.93,25.75,0.858371,-0.151576,28.0,0.446287,-0.253937,,,
2030-03-27 00:00:00,1395,1,,,,ADULT,2.3445,2.1025,ALIVE,measured,,prediction,,,,23.445,1.19,22.3,24.599,23.45,19.94,26.97,24.25,0.858371,-0.151576,28.0,0.446287,-0.253937,,,
2030-03-27 00:00:00,1395,2,,,,ADULT,2.4895,2.5384,ALIVE,measured,,prediction,,,,24.895,1.19,23.68,26.121,23.45,19.94,26.97,25.75,0.858371,-0.151576,28.0,0.446287,-0.253937,,,
2030-04-03 00:00:00,1402,1,,,,ADULT,2.3464,2.1078,ALIVE,measured,,prediction,,,,23.464,1.19,22.31,24.619,23.49,19.97,27.02,24.25,0.858371,-0.151576,28.0,0.446287,-0.253937,,,
2030-04-03 00:00:00,1402,2,,,,ADULT,2.4916,2.5452,ALIVE,measured,,prediction,,,,24.916,1.19,23.69,26.141,23.49,19.97,27.02,25.75,0.858371,-0.151576,28.0,0.446287,-0.253937,,,
2030-04-10 00:00:00,1409,1,,,,ADULT,2.3474,2.1107,ALIVE,measured,,prediction,,,,23.474,1.2,22.31,24.638,23.53,20.0,27.06,24.25,0.858371,-0.151576,28.0,0.446287,-0.253937,,,
2030-04-10 00:00:00,1409,2,,,,ADULT,2.4926,2.5484,ALIVE,measured,,prediction,,,,24.926,1.2,23.69,26.162,23.53,20.0,27.06,25.75,0.858371,-0.151576,28.0,0.446287,-0.253937,,,
2030-04-17 00:00:00,1416,1,,,,ADULT,2.3484,2.1135,ALIVE,measured,,prediction,,,,23.484,1.2,22.32,24.648,23.57,20.03,27.1,24.25,0.858371,-0.151576,28.0,0.446287,-0.253937,,,
2030-04-17 00:00:00,1416,2,,,,ADULT,2.4936,2.5516,ALIVE,measured,,prediction,,,,24.936,1.2,23.7,26.172,23.57,20.03,27.1,25.75,0.858371,-0.151576,28.0,0.446287,-0.253937,,,
2030-04-24 00:00:00,1423,1,,,,ADULT,2.3503,2.1189,ALIVE,measured,,prediction,,,,23.503,1.21,22.329,24.667,23.61,20.07,27.15,24.25,0.858371,-0.151576,28.0,0.446287,-0.253937,,,
2030-04-24 00:00:00,1423,2,,,,ADULT,2.4957,2.5583,ALIVE,measured,,prediction,,,,24.957,1.21,23.711,26.193,23.61,20.07,27.15,25.75,0.858371,-0.151576,28.0,0.446287,-0.253937,,,
2030-05-01 00:00:00,1430,1,,,,ADULT,2.3513,2.1217,ALIVE,measured,,prediction,,,,23.513,1.21,22.339,24.686,23.64,20.1,27.19,24.25,0.858371,-0.151576,28.0,0.446287,-0.253937,,,
2030-05-01 00:00:00,1430,2,,,,ADULT,2.4967,2.5616,ALIVE,measured,,prediction,,,,24.967,1.21,23.721,26.214,23.64,20.1,27.19,25.75,0.858371,-0.151576,28.0,0.446287,-0.253937,,,
2030-05-08 00:00:00,1437,1,,,,ADULT,2.3522,2.1242,ALIVE,measured,,prediction,,,,23.522,1.22,22.349,24.706,23.68,20.13,27.23,24.25,0.858371,-0.151576,28.0,0.446287,-0.253937,,,
2030-05-08 00:00:00,1437,2,,,,ADULT,2.4978,2.5651,ALIVE,measured,,prediction,,,,24.978,1.22,23.731,26.234,23.68,20.13,27.23,25.75,0.858371,-0.151576,28.0,0.446287,-0.253937,,,
2030-05-15 00:00:00,1444,1,,,,ADULT,2.3532,2.1271,ALIVE,measured,,prediction,,,,23.532,1.22,22.349,24.716,23.72,20.16,27.28,24.25,0.858371,-0.151576,28.0,0.446287,-0.253937,,,
2030-05-15 00:00:00,1444,2,,,,ADULT,2.4988,2.5683,ALIVE,measured,,prediction,,,,24.988,1.22,23.731,26.244,23.72,20.16,27.28,25.75,0.858371,-0.151576,28.0,0.446287,-0.253937,,,
2030-05-22 00:00:00,1451,1,,,,ADULT,2.3542,2.1299,ALIVE,measured,,prediction,,,,23.542,1.22,22.358,24.735,23.75,20.19,27.32,24.25,0.858371,-0.151576,28.0,0.446287,-0.253937,,,
2030-05-22 00:00:00,1451,2,,,,ADULT,2.4998,2.5716,ALIVE,measured,,prediction,,,,24.998,1.22,23.742,26.265,23.75,20.19,27.32,25.75,0.858371,-0.151576,28.0,0.446287,-0.253937,,,
2030-05-29 00:00:00,1458,1,,,,ADULT,2.3561,2.1353,ALIVE,measured,,prediction,,,,23.561,1.23,22.368,24.754,23.79,20.22,27.36,24.25,0.858371,-0.151576,28.0,0.446287,-0.253937,,,
2030-05-29 00:00:00,1458,2,,,,ADULT,2.5019,2.5784,ALIVE,measured,,prediction,,,,25.019,1.23,23.752,26.286,23.79,20.22,27.36,25.75,0.858371,-0.151576,28.0,0.446287,-0.253937,,,
2030-06-01 00:00:00,1461,1,,,,ADULT,2.3561,2.1353,ALIVE,measured,,prediction,,,,23.561,1.23,22.368,24.754,23.81,20.23,27.38,24.25,0.858371,-0.151576,28.0,0.446287,-0.253937,,,
2030-06-01 00:00:00,1461,2,,,,ADULT,2.5019,2.5784,ALIVE,measured,,prediction,,,,25.019,1.23,23.752,26.286,23.81,20.23,27.38,25.75,0.858371,-0.151576,28.0,0.446287,-0.253937,,,
